awayTeam,awayTeamKit,competition,date,endPeriod1,endPeriod2,homeTeam,homeTeamKit,homeTeamStartLeft,gameId,period1,period2,season,stadium,startPeriod1,startPeriod2,videos,week
"{'id': '215', 'name': 'Derby County', 'shortName': 'DER'}","{'name': '2024 Alt Away', 'primaryColor': '#fcf284', 'primaryTextColor': '#000000', 'secondaryColor': '#000000', 'secondaryTextColor': '#fcf284'}","{'id': '23', 'name': 'EFL Championship'}",2024-08-09T19:00:00,2770.704,5822.289,"{'id': '210', 'name': 'Blackburn Rovers', 'shortName': 'BBR'}","{'name': 'Home', 'primaryColor': '#ffffff', 'primaryTextColor': '#0000ff', 'secondaryColor': '#0000ff', 'secondaryTextColor': '#ffffff'}",False,27811,46.018800000000006,49.943283333333326,2024-2025,"{'id': '111', 'name': 'Ewood Park', 'pitches': [{'endDate': None, 'id': '547', 'length': 105.0, 'startDate': '1882-01-01', 'width': 69.0}]}",9.576,2825.692,"{'fps': 29.97, 'id': '23153', 'videoUrl': 'epitome-staging.pff.com/en/film_room/d22b9c5f-687b-4c87-960e-200f82b038e1'}",1
"{'id': '15', 'name': 'Sheffield United', 'shortName': 'SHU'}","{'name': 'alt-2', 'primaryColor': '#000000', 'primaryTextColor': '#ffffff', 'secondaryColor': '#ffffff', 'secondaryTextColor': '#000000'}","{'id': '23', 'name': 'EFL Championship'}",2024-08-09T19:00:00,2846.215,5993.592,"{'id': '223', 'name': 'Preston North End', 'shortName': 'PNE'}","{'name': 'Home', 'primaryColor': '#ffffff', 'primaryTextColor': '#13183C', 'secondaryColor': '#13183C', 'secondaryTextColor': '#ffffff'}",False,27812,47.056466666666665,51.00453333333333,2024-2025,"{'id': '121', 'name': 'Deepdale', 'pitches': [{'endDate': None, 'id': '236', 'length': 101.0, 'startDate': '1875-01-01', 'width': 69.0}]}",22.827,2933.32,"{'fps': 24.97, 'id': '23171', 'videoUrl': 'epitome-staging.pff.com/en/film_room/28472227-7f5a-443b-8957-a53ca539ee5d'}",1
"{'id': '335', 'name': 'Sunderland AFC', 'shortName': 'SUN'}","{'name': 'Home', 'primaryColor': '#ff0000', 'primaryTextColor': '#000000', 'secondaryColor': '#000000', 'secondaryTextColor': '#ff0000'}","{'id': '23', 'name': 'EFL Championship'}",2024-08-10T11:30:00,2791.425,5865.098,"{'id': '213', 'name': 'Cardiff City', 'shortName': 'CAR'}","{'name': 'Home', 'primaryColor': '#0E53A9', 'primaryTextColor': '#ffffff', 'secondaryColor': '#ffffff', 'secondaryTextColor': '#0E53A9'}",True,27813,46.31021666666667,51.02825,2024-2025,"{'id': '114', 'name': 'Cardiff City Stadium', 'pitches': [{'endDate': None, 'id': '174', 'length': 100.0, 'startDate': '2009-01-01', 'width': 68.0}]}",12.812,2803.403,"{'fps': 29.97, 'id': '23177', 'videoUrl': 'epitome-staging.pff.com/en/film_room/1a292de5-cdff-4a45-8020-05a09bc5dd00'}",1
"{'id': '212', 'name': 'Bristol City', 'shortName': 'BCI'}","{'name': 'Away', 'primaryColor': '#ffffff', 'primaryTextColor': '#000000', 'secondaryColor': '#000000', 'secondaryTextColor': '#ff0000'}","{'id': '23', 'name': 'EFL Championship'}",2024-08-10T11:30:00,2790.749,5976.532,"{'id': '217', 'name': 'Hull City', 'shortName': 'HUL'}","{'name': 'Home', 'primaryColor': '#f5971d', 'primaryTextColor': '#000000', 'secondaryColor': '#000000', 'secondaryTextColor': '#f5971d'}",False,27814,46.07461666666666,51.12935,2024-2025,"{'id': '263', 'name': 'MKM Stadium', 'pitches': [{'endDate': None, 'id': '438', 'length': 105.0, 'startDate': '2002-01-01', 'width': 68.0}]}",26.272,2908.771,"{'fps': 24.97, 'id': '23182', 'videoUrl': 'epitome-staging.pff.com/en/film_room/1df637bb-4b87-4a89-af7a-9808de4311d2'}",1
"{'id': '328', 'name': 'Portsmouth', 'shortName': 'PRT'}","{'name': 'Home', 'primaryColor': '#0000ff', 'primaryTextColor': '#ffffff', 'secondaryColor': '#ffffff', 'secondaryTextColor': '#ff0000'}","{'id': '23', 'name': 'EFL Championship'}",2024-08-10T11:30:00,2887.287,6123.757,"{'id': '55', 'name': 'Leeds United', 'shortName': 'LEE'}","{'name': 'home', 'primaryColor': '#FFFFFF', 'primaryTextColor': '#000000', 'secondaryColor': '#1763A8', 'secondaryTextColor': '#FFFFFF'}",True,27815,48.06305,53.11644999999999,2024-2025,"{'id': '26', 'name': 'Elland Road', 'pitches': [{'endDate': None, 'id': '25', 'length': 105.0, 'startDate': '1897-01-01', 'width': 68.0}]}",3.504,2936.77,"{'fps': 29.97, 'id': '23178', 'videoUrl': 'epitome-staging.pff.com/en/film_room/565fe3c9-bb58-4f87-9668-ccd6794a48c4'}",1
"{'id': '227', 'name': 'Swansea City A.F.C.', 'shortName': 'SWA'}","{'name': 'Home', 'primaryColor': '#ffffff', 'primaryTextColor': '#000000', 'secondaryColor': '#000000', 'secondaryTextColor': '#ffffff'}","{'id': '23', 'name': 'EFL Championship'}",2024-08-10T11:30:00,2791.792,5801.969,"{'id': '219', 'name': 'Middlesbrough', 'shortName': 'MID'}","{'name': 'Home', 'primaryColor': '#ff0000', 'primaryTextColor': '#ffffff', 'secondaryColor': '#ffffff', 'secondaryTextColor': '#ff0000'}",False,27816,46.437,49.67523333333334,2024-2025,"{'id': '118', 'name': 'Riverside Stadium', 'pitches': [{'endDate': None, 'id': '499', 'length': 105.0, 'startDate': '1995-01-01', 'width': 69.0}]}",5.572,2821.455,"{'fps': 29.97, 'id': '23202', 'videoUrl': 'epitome-staging.pff.com/en/film_room/11a6d99f-fec8-4a99-a3a6-27c9338043fe'}",1
"{'id': '18', 'name': 'Watford', 'shortName': 'WAT'}","{'name': 'home', 'primaryColor': '#FBEE23', 'primaryTextColor': '#000000', 'secondaryColor': '#000000', 'secondaryTextColor': '#FFFFFF'}","{'id': '23', 'name': 'EFL Championship'}",2024-08-10T11:30:00,2778.574,6159.992,"{'id': '220', 'name': 'Millwall', 'shortName': 'MLW'}","{'name': 'Home', 'primaryColor': '#1E243B', 'primaryTextColor': '#ffffff', 'secondaryColor': '#ffffff', 'secondaryTextColor': '#1E243B'}",False,27817,45.98385,55.0227,2024-2025,"{'id': '119', 'name': 'The Den', 'pitches': [{'endDate': None, 'id': '113', 'length': 101.0, 'startDate': '1993-01-01', 'width': 62.0}]}",19.543,2858.63,"{'fps': 24.97, 'id': '23183', 'videoUrl': 'epitome-staging.pff.com/en/film_room/be9ed717-bcd2-444e-b7a5-7f04e24f6a1c'}",1
"{'id': '14', 'name': 'Norwich City', 'shortName': 'NOR'}","{'name': 'Alt', 'primaryColor': '#ffffff', 'primaryTextColor': '#000000', 'secondaryColor': '#000000', 'secondaryTextColor': '#ffffff'}","{'id': '23', 'name': 'EFL Championship'}",2024-08-10T11:30:00,2818.285,5794.928,"{'id': '326', 'name': 'Oxford United', 'shortName': 'OXF'}","{'name': 'Home', 'primaryColor': '#ffdd00', 'primaryTextColor': '#002147', 'secondaryColor': '#002147', 'secondaryTextColor': '#ffdd00'}",False,27818,46.8791,49.15636666666667,2024-2025,"{'id': '224', 'name': 'Kassam Stadium', 'pitches': [{'endDate': None, 'id': '681', 'length': 102.0, 'startDate': '2001-01-01', 'width': 71.0}]}",5.539,2845.546,"{'fps': 29.97, 'id': '23203', 'videoUrl': 'epitome-staging.pff.com/en/film_room/9a424c51-24b0-4bc5-abef-172c09adccf4'}",1
"{'id': '56', 'name': 'West Bromwich Albion', 'shortName': 'WBA'}","{'name': '2025 Third', 'primaryColor': '#f5308d', 'primaryTextColor': '#000000', 'secondaryColor': '#000000', 'secondaryTextColor': '#f5308d'}","{'id': '23', 'name': 'EFL Championship'}",2024-08-10T11:30:00,2819.686,5960.928,"{'id': '224', 'name': 'Queens Park Rangers', 'shortName': 'QPR'}","{'name': 'Home', 'primaryColor': '#ffffff', 'primaryTextColor': '#0000ff', 'secondaryColor': '#0000ff', 'secondaryTextColor': '#ffffff'}",False,27819,46.43698333333334,51.21399999999999,2024-2025,"{'id': '122', 'name': 'Kiyan Prince Foundation Stadium', 'pitches': [{'endDate': None, 'id': '550', 'length': 102.0, 'startDate': '1904-01-01', 'width': 66.0}]}",33.467,2888.088,"{'fps': 29.97, 'id': '23179', 'videoUrl': 'epitome-staging.pff.com/en/film_room/619df91c-ad7a-47c5-8bb2-a74fc2d66c5c'}",1
"{'id': '214', 'name': 'Coventry City', 'shortName': 'COV'}","{'name': 'Home', 'primaryColor': '#77bbff', 'primaryTextColor': '#ffffff', 'secondaryColor': '#ffffff', 'secondaryTextColor': '#77bbff'}","{'id': '23', 'name': 'EFL Championship'}",2024-08-10T11:30:00,2807.489,5890.388,"{'id': '226', 'name': 'Stoke City', 'shortName': 'STK'}","{'name': 'Home', 'primaryColor': '#ff0000', 'primaryTextColor': '#ffffff', 'secondaryColor': '#ffffff', 'secondaryTextColor': '#ff0000'}",True,27820,46.19876666666666,50.35375,2024-2025,"{'id': '126', 'name': 'bet365 Stadium', 'pitches': [{'endDate': None, 'id': '435', 'length': 105.0, 'startDate': '1997-01-01', 'width': 68.0}]}",35.563,2869.163,"{'fps': 24.97, 'id': '23184', 'videoUrl': 'epitome-staging.pff.com/en/film_room/d545a75b-eb7c-42c5-b08c-f8ea625d6cda'}",1
"{'id': '327', 'name': 'Plymouth Argyle', 'shortName': 'PLY'}","{'name': 'Home', 'primaryColor': '#004000', 'primaryTextColor': '#ffffff', 'secondaryColor': '#ffffff', 'secondaryTextColor': '#004000'}","{'id': '23', 'name': 'EFL Championship'}",2024-08-11T15:00:00,2952.286,6165.298,"{'id': '330', 'name': 'Sheffield Wednesday', 'shortName': 'SFW'}","{'name': 'Home', 'primaryColor': '#ffffff', 'primaryTextColor': '#0000ff', 'secondaryColor': '#000000', 'secondaryTextColor': '#0000ff'}",False,27821,48.05028333333333,52.41073333333333,2024-2025,"{'id': '125', 'name': 'Hillsborough Stadium', 'pitches': [{'endDate': None, 'id': '357', 'length': 106.0, 'startDate': '1899-01-01', 'width': 69.0}]}",69.269,3020.654,"{'fps': 29.97, 'id': '23233', 'videoUrl': 'epitome-staging.pff.com/en/film_room/69569ee0-55ba-4840-843b-f4bf37b15fcb'}",1
"{'id': '5', 'name': 'Burnley', 'shortName': 'BUR'}","{'name': '2022 Away', 'primaryColor': '#ffffff', 'primaryTextColor': '#630530', 'secondaryColor': '#ffffff', 'secondaryTextColor': '#80bfff'}","{'id': '23', 'name': 'EFL Championship'}",2024-08-12T19:00:00,2844.111,5998.565,"{'id': '218', 'name': 'Luton Town', 'shortName': 'LUT'}","{'name': 'Home', 'primaryColor': '#ff5f00', 'primaryTextColor': '#1B1A38', 'secondaryColor': '#1B1A38', 'secondaryTextColor': '#ff5f00'}",True,27822,46.9959,51.68558333333333,2024-2025,"{'id': '117', 'name': 'Kenilworth Road', 'pitches': [{'endDate': None, 'id': '42', 'length': 100.0, 'startDate': '1905-01-01', 'width': 66.0}]}",24.357,2897.43,"{'fps': 29.97, 'id': '23266', 'videoUrl': 'epitome-staging.pff.com/en/film_room/8666bdbf-ba1b-4a93-964f-52394fdd8f48'}",1
"{'id': '817', 'name': 'Urawa Red Diamonds', 'shortName': 'URD'}","{'name': 'alt', 'primaryColor': '#ffffff', 'primaryTextColor': '#000000', 'secondaryColor': '#000000', 'secondaryTextColor': '#ffffff'}","{'id': '103', 'name': 'Japanese J1 League'}",2024-02-23T05:00:00,3122.99,6315.115,"{'id': '832', 'name': 'Sanfrecce Hiroshima', 'shortName': 'SHI'}","{'name': 'Home', 'primaryColor': '#603bac', 'primaryTextColor': '#ffffff', 'secondaryColor': '#2f186f', 'secondaryTextColor': '#ffffff'}",False,23021,50.26416666666667,52.65765,2024,"{'id': '769', 'name': 'Edion Peace Wing Hiroshima', 'pitches': [{'endDate': None, 'id': '367', 'length': 105.0, 'startDate': '2024-01-01', 'width': 68.0}]}",107.14,3155.656,"{'fps': 29.97, 'id': '17853', 'videoUrl': 'epitome-staging.pff.com/en/film_room/1d84781e-ab32-46a9-8966-a99a68800bbf'}",1
"{'id': '816', 'name': 'Kashima Antlers', 'shortName': 'KAN'}","{'name': 'Away', 'primaryColor': '#ffffff', 'primaryTextColor': '#002f9b', 'secondaryColor': '#002f9b', 'secondaryTextColor': '#ffffff'}","{'id': '103', 'name': 'Japanese J1 League'}",2024-02-23T09:00:00,2913.576,5958.43,"{'id': '827', 'name': 'Nagoya Grampus', 'shortName': 'NGR'}","{'name': 'Home', 'primaryColor': '#cf0c17', 'primaryTextColor': '#ffffff', 'secondaryColor': '#ffffff', 'secondaryTextColor': '#cf0c17'}",True,23022,46.11466666666667,49.16100000000001,2024,"{'id': '764', 'name': 'Toyota Stadium (Nagoya)', 'pitches': [{'endDate': None, 'id': '376', 'length': 105.0, 'startDate': '2001-01-01', 'width': 68.0}]}",146.696,3008.77,"{'fps': 24.97, 'id': '23129', 'videoUrl': 'epitome-staging.pff.com/en/film_room/8bfc4e64-b480-4b5b-9a31-92a098ad2c91'}",1
"{'id': '831', 'name': 'Vissel Kobe', 'shortName': 'VKO'}","{'name': 'Away', 'primaryColor': '#b5b5b5', 'primaryTextColor': '#000000', 'secondaryColor': '#000000', 'secondaryTextColor': '#b5b5b5'}","{'id': '103', 'name': 'Japanese J1 League'}",2024-02-24T04:00:00,3038.739,6199.366,"{'id': '826', 'name': 'Júbilo Iwata', 'shortName': 'JIW'}","{'name': 'Home', 'primaryColor': '#3e9ed8', 'primaryTextColor': '#ffffff', 'secondaryColor': '#ffffff', 'secondaryTextColor': '#3e9ed8'}",False,23023,47.33121666666667,51.24791666666667,2024,"{'id': '763', 'name': 'Yamaha Stadium', 'pitches': [{'endDate': None, 'id': '349', 'length': 111.0, 'startDate': '1978-01-01', 'width': 75.0}]}",198.866,3124.491,"{'fps': 29.97, 'id': '17887', 'videoUrl': 'epitome-staging.pff.com/en/film_room/e94365fd-da5b-4125-9b55-903cfcd5bfde'}",1
"{'id': '815', 'name': 'Hokkaido Consadole Sapporo', 'shortName': 'HCS'}","{'name': 'Alt', 'primaryColor': '#ffffff', 'primaryTextColor': '#000000', 'secondaryColor': '#000000', 'secondaryTextColor': '#ffffff'}","{'id': '103', 'name': 'Japanese J1 League'}",2024-02-24T05:00:00,3200.481,6269.483,"{'id': '833', 'name': 'Avispa Fukuoka', 'shortName': 'AVF'}","{'name': 'Home', 'primaryColor': '#00001e', 'primaryTextColor': '#ffffff', 'secondaryColor': '#ffffff', 'secondaryTextColor': '#00001e'}",True,23024,50.61808333333333,50.36376666666667,2024,"{'id': '770', 'name': 'Best Denki Stadium', 'pitches': [{'endDate': None, 'id': '228', 'length': 105.0, 'startDate': '1995-01-01', 'width': 68.0}]}",163.396,3247.657,"{'fps': 24.97, 'id': '23130', 'videoUrl': 'epitome-staging.pff.com/en/film_room/15bb23ef-4d87-4902-a6a7-8b4954894fa4'}",1
"{'id': '825', 'name': 'Albirex Niigata', 'shortName': 'ANI'}","{'name': 'Home', 'primaryColor': '#ff5500', 'primaryTextColor': '#0125d3', 'secondaryColor': '#0125d3', 'secondaryTextColor': '#ff5500'}","{'id': '103', 'name': 'Japanese J1 League'}",2024-02-24T05:00:00,3045.094,6359.512,"{'id': '834', 'name': 'Sagan Tosu', 'shortName': 'SGT'}","{'name': 'Alt', 'primaryColor': '#ffffff', 'primaryTextColor': '#000000', 'secondaryColor': '#000000', 'secondaryTextColor': '#ffffff'}",True,23025,48.00893333333333,54.42065,2024,"{'id': '771', 'name': 'Ekimae Stadium', 'pitches': [{'endDate': None, 'id': '395', 'length': 105.0, 'startDate': '1996-01-01', 'width': 68.0}]}",164.558,3094.273,"{'fps': 24.97, 'id': '23131', 'videoUrl': 'epitome-staging.pff.com/en/film_room/3066c9bc-1440-4e06-82af-fed33de2d8d5'}",1
"{'id': '819', 'name': 'FC Tokyo', 'shortName': 'FCT'}","{'name': 'Away', 'primaryColor': '#ffffff', 'primaryTextColor': '#0000b8', 'secondaryColor': '#0000b8', 'secondaryTextColor': '#ffffff'}","{'id': '103', 'name': 'Japanese J1 League'}",2024-02-24T06:00:00,3008.811,6260.993,"{'id': '830', 'name': 'Cerezo Osaka', 'shortName': 'CEO'}","{'name': 'Home', 'primaryColor': '#dc1670', 'primaryTextColor': '#000040', 'secondaryColor': '#000040', 'secondaryTextColor': '#dc1670'}",True,23026,47.035783333333335,53.10706666666668,2024,"{'id': '767', 'name': 'Yodoko Sakura Stadium', 'pitches': [{'endDate': None, 'id': '405', 'length': 105.0, 'startDate': '1987-01-01', 'width': 68.0}]}",186.664,3074.569,"{'fps': 24.97, 'id': '23132', 'videoUrl': 'epitome-staging.pff.com/en/film_room/5fcf5340-e680-4819-abe1-d58186369c20'}",1
"{'id': '829', 'name': 'Gamba Osaka', 'shortName': 'GMO'}","{'name': 'Away', 'primaryColor': '#ffffff', 'primaryTextColor': '#000000', 'secondaryColor': '#000000', 'secondaryTextColor': '#ffffff'}","{'id': '103', 'name': 'Japanese J1 League'}",2024-02-24T06:00:00,3181.057,6450.821,"{'id': '821', 'name': 'FC Machida Zelvia', 'shortName': 'MZE'}","{'name': 'Home', 'primaryColor': '#0046b6', 'primaryTextColor': '#01142c', 'secondaryColor': '#01142c', 'secondaryTextColor': '#0046b6'}",False,23027,50.34708333333333,51.8569,2024,"{'id': '758', 'name': 'Machida GION Stadium', 'pitches': [{'endDate': None, 'id': '348', 'length': 107.0, 'startDate': '1990-01-01', 'width': 71.0}]}",160.232,3339.407,"{'fps': 24.97, 'id': '23133', 'videoUrl': 'epitome-staging.pff.com/en/film_room/f7178a6e-9e19-44c3-8d41-67cb5c6be114'}",1
"{'id': '822', 'name': 'Kawasaki Frontale', 'shortName': 'KFR'}","{'name': 'Home', 'primaryColor': '#2299e5', 'primaryTextColor': '#000000', 'secondaryColor': '#000000', 'secondaryTextColor': '#2299e5'}","{'id': '103', 'name': 'Japanese J1 League'}",2024-02-24T06:00:00,2900.32,6159.712,"{'id': '824', 'name': 'Shonan Bellmare', 'shortName': 'SHB'}","{'name': 'Home', 'primaryColor': '#77f149', 'primaryTextColor': '#053dfa', 'secondaryColor': '#053dfa', 'secondaryTextColor': '#77f149'}",True,23028,46.07795,53.01095000000001,2024,"{'id': '761', 'name': 'Lemon Gas Stadium Hiratsuka', 'pitches': [{'endDate': None, 'id': '386', 'length': 107.0, 'startDate': '1994-01-01', 'width': 71.0}]}",135.643,2979.055,"{'fps': 24.97, 'id': '23134', 'videoUrl': 'epitome-staging.pff.com/en/film_room/073e3934-e38c-4f85-b21c-8458437ad391'}",1
"{'id': '828', 'name': 'Kyoto Sanga FC', 'shortName': 'KYS'}","{'name': 'Away', 'primaryColor': '#c4c4c4', 'primaryTextColor': '#ffffff', 'secondaryColor': '#ffffff', 'secondaryTextColor': '#c4c4c4'}","{'id': '103', 'name': 'Japanese J1 League'}",2024-02-25T05:00:00,2950.26,6184.862,"{'id': '818', 'name': 'Kashiwa Reysol', 'shortName': 'KRY'}","{'name': 'Home', 'primaryColor': '#fff200', 'primaryTextColor': '#000000', 'secondaryColor': '#000000', 'secondaryTextColor': '#fff200'}",False,23029,46.425700000000006,52.118550000000006,2024,"{'id': '756', 'name': 'Sankyo Frontier Kashiwa Stadium', 'pitches': [{'endDate': None, 'id': '385', 'length': 105.0, 'startDate': '1995-01-01', 'width': 68.0}]}",164.718,3057.749,"{'fps': 24.97, 'id': '23137', 'videoUrl': 'epitome-staging.pff.com/en/film_room/4efeef03-fa03-444e-a546-7f84ee6f24c1'}",1
"{'id': '823', 'name': 'Yokohama F. Marinos', 'shortName': 'YFM'}","{'name': 'Home', 'primaryColor': '#0000ff', 'primaryTextColor': '#ff0000', 'secondaryColor': '#ff0000', 'secondaryTextColor': '#0000ff'}","{'id': '103', 'name': 'Japanese J1 League'}",2024-02-25T05:00:00,3123.223,6294.862,"{'id': '820', 'name': 'Tokyo Verdy', 'shortName': 'TKV'}","{'name': 'Home', 'primaryColor': '#01532c', 'primaryTextColor': '#a89968', 'secondaryColor': '#a89968', 'secondaryTextColor': '#01532c'}",True,23030,49.07685,51.58715,2024,"{'id': '28', 'name': 'Japan National Stadium', 'pitches': [{'endDate': None, 'id': '27', 'length': 101.0, 'startDate': '2019-01-01', 'width': 71.0}]}",178.612,3199.633,"{'fps': 29.97, 'id': '18042', 'videoUrl': 'epitome-staging.pff.com/en/film_room/e5286de4-595b-4053-94b9-f8052678397b'}",1
"{'id': '826', 'name': 'Júbilo Iwata', 'shortName': 'JIW'}","{'name': 'Away', 'primaryColor': '#e6e6e6', 'primaryTextColor': '#000000', 'secondaryColor': '#000000', 'secondaryTextColor': '#e6e6e6'}","{'id': '103', 'name': 'Japanese J1 League'}",2024-03-01T10:00:00,3150.821,6964.037,"{'id': '822', 'name': 'Kawasaki Frontale', 'shortName': 'KFR'}","{'name': 'Home', 'primaryColor': '#2299e5', 'primaryTextColor': '#000000', 'secondaryColor': '#000000', 'secondaryTextColor': '#2299e5'}",True,23031,50.06006666666666,62.25203333333334,2024,"{'id': '759', 'name': 'Todoroki Stadium', 'pitches': [{'endDate': None, 'id': '366', 'length': 105.0, 'startDate': '1962-01-01', 'width': 68.0}]}",147.217,3228.915,"{'fps': 24.97, 'id': '23140', 'videoUrl': 'epitome-staging.pff.com/en/film_room/d80fb54b-cef3-4c33-9f5c-fe0561b81233'}",2
"{'id': '833', 'name': 'Avispa Fukuoka', 'shortName': 'AVF'}","{'name': 'Away', 'primaryColor': '#c3c3c3', 'primaryTextColor': '#000000', 'secondaryColor': '#000000', 'secondaryTextColor': '#c3c3c3'}","{'id': '103', 'name': 'Japanese J1 League'}",2024-03-01T10:00:00,3002.269,6127.995,"{'id': '823', 'name': 'Yokohama F. Marinos', 'shortName': 'YFM'}","{'name': 'Home', 'primaryColor': '#0000ff', 'primaryTextColor': '#ff0000', 'secondaryColor': '#ff0000', 'secondaryTextColor': '#0000ff'}",False,23032,47.18218333333333,50.6779,2024,"{'id': '760', 'name': 'Nissan Stadium (Yokohama)', 'pitches': [{'endDate': None, 'id': '221', 'length': 107.0, 'startDate': '1998-01-01', 'width': 72.0}]}",171.338,3087.321,"{'fps': 29.97, 'id': '18147', 'videoUrl': 'epitome-staging.pff.com/en/film_room/701a3525-5464-41ba-8e37-e0edb612c92b'}",2
"{'id': '818', 'name': 'Kashiwa Reysol', 'shortName': 'KRY'}","{'name': 'Away', 'primaryColor': '#ffffff', 'primaryTextColor': '#00003e', 'secondaryColor': '#00003e', 'secondaryTextColor': '#ffffff'}","{'id': '103', 'name': 'Japanese J1 League'}",2024-03-02T04:00:00,3280.016,6353.624,"{'id': '831', 'name': 'Vissel Kobe', 'shortName': 'VKO'}","{'name': 'Home', 'primaryColor': '#4c0319', 'primaryTextColor': '#ffffff', 'secondaryColor': '#ffffff', 'secondaryTextColor': '#4c0319'}",False,23033,51.154716666666666,50.01801666666666,2024,"{'id': '768', 'name': 'Noevir Stadium', 'pitches': [{'endDate': None, 'id': '350', 'length': 105.0, 'startDate': '2001-01-01', 'width': 68.0}]}",210.733,3352.543,"{'fps': 24.97, 'id': '23141', 'videoUrl': 'epitome-staging.pff.com/en/film_room/8b8656c0-83b0-416c-b5ac-857cbfb09e3b'}",2
"{'id': '824', 'name': 'Shonan Bellmare', 'shortName': 'SHB'}","{'name': 'Away', 'primaryColor': '#e7e1c7', 'primaryTextColor': '#000000', 'secondaryColor': '#000000', 'secondaryTextColor': '#e7e1c7'}","{'id': '103', 'name': 'Japanese J1 League'}",2024-03-02T05:00:00,2931.117,5989.347,"{'id': '828', 'name': 'Kyoto Sanga FC', 'shortName': 'KYS'}","{'name': 'Home', 'primaryColor': '#503479', 'primaryTextColor': '#ffffff', 'secondaryColor': '#ffffff', 'secondaryTextColor': '#503479'}",True,23034,46.0893,49.5855,2024,"{'id': '765', 'name': 'Sanga Stadium by Kyocera', 'pitches': [{'endDate': None, 'id': '231', 'length': 105.0, 'startDate': '2020-01-01', 'width': 68.0}]}",165.759,3014.217,"{'fps': 24.97, 'id': '23142', 'videoUrl': 'epitome-staging.pff.com/en/film_room/bc7e50dd-0af1-40d3-89f6-99798c7cd7f8'}",2
"{'id': '821', 'name': 'FC Machida Zelvia', 'shortName': 'MZE'}","{'name': 'Away', 'primaryColor': '#ffffff', 'primaryTextColor': '#0046b6', 'secondaryColor': '#0046b6', 'secondaryTextColor': '#ffffff'}","{'id': '103', 'name': 'Japanese J1 League'}",2024-03-02T05:00:00,3043.933,6190.108,"{'id': '827', 'name': 'Nagoya Grampus', 'shortName': 'NGR'}","{'name': 'Home', 'primaryColor': '#cf0c17', 'primaryTextColor': '#ffffff', 'secondaryColor': '#ffffff', 'secondaryTextColor': '#cf0c17'}",True,23035,48.14978333333333,51.23215,2024,"{'id': '764', 'name': 'Toyota Stadium (Nagoya)', 'pitches': [{'endDate': None, 'id': '376', 'length': 105.0, 'startDate': '2001-01-01', 'width': 68.0}]}",154.946,3116.179,"{'fps': 24.97, 'id': '23144', 'videoUrl': 'epitome-staging.pff.com/en/film_room/d806e856-2983-49ac-b589-08c3f0197faf'}",2
"{'id': '815', 'name': 'Hokkaido Consadole Sapporo', 'shortName': 'HCS'}","{'name': 'Away', 'primaryColor': '#000000', 'primaryTextColor': '#ffffff', 'secondaryColor': '#ffffff', 'secondaryTextColor': '#000000'}","{'id': '103', 'name': 'Japanese J1 League'}",2024-03-02T05:00:00,3163.676,6258.39,"{'id': '834', 'name': 'Sagan Tosu', 'shortName': 'SGT'}","{'name': 'Home', 'primaryColor': '#00a1d3', 'primaryTextColor': '#ea529b', 'secondaryColor': '#ea529b', 'secondaryTextColor': '#00a1d3'}",True,23036,50.1228,50.50326666666668,2024,"{'id': '771', 'name': 'Ekimae Stadium', 'pitches': [{'endDate': None, 'id': '395', 'length': 105.0, 'startDate': '1996-01-01', 'width': 68.0}]}",156.308,3228.194,"{'fps': 24.97, 'id': '23145', 'videoUrl': 'epitome-staging.pff.com/en/film_room/c8c6f73e-58ef-4367-a27c-ecfbbf3d778f'}",2
"{'id': '832', 'name': 'Sanfrecce Hiroshima', 'shortName': 'SHI'}","{'name': 'Away', 'primaryColor': '#ffffff', 'primaryTextColor': '#2f186f', 'secondaryColor': '#2f186f', 'secondaryTextColor': '#ffffff'}","{'id': '103', 'name': 'Japanese J1 League'}",2024-03-02T06:00:00,2991.149,6124.83,"{'id': '819', 'name': 'FC Tokyo', 'shortName': 'FCT'}","{'name': 'Home', 'primaryColor': '#0000b7', 'primaryTextColor': '#ff0000', 'secondaryColor': '#ff0000', 'secondaryTextColor': '#0000b7'}",True,23037,47.07048333333333,51.06728333333333,2024,"{'id': '757', 'name': 'Ajinomoto Stadium', 'pitches': [{'endDate': None, 'id': '403', 'length': 105.0, 'startDate': '2001-01-01', 'width': 68.0}]}",166.92,3060.793,"{'fps': 24.97, 'id': '23146', 'videoUrl': 'epitome-staging.pff.com/en/film_room/c3176242-b264-4a4a-8f96-2ee5ea4a098e'}",2
"{'id': '825', 'name': 'Albirex Niigata', 'shortName': 'ANI'}","{'name': 'Away', 'primaryColor': '#ffffff', 'primaryTextColor': '#0125d3', 'secondaryColor': '#0125d3', 'secondaryTextColor': '#ffffff'}","{'id': '103', 'name': 'Japanese J1 League'}",2024-03-02T06:00:00,2920.465,6195.955,"{'id': '829', 'name': 'Gamba Osaka', 'shortName': 'GMO'}","{'name': 'Home', 'primaryColor': '#000000', 'primaryTextColor': '#ffffff', 'secondaryColor': '#ffffff', 'secondaryTextColor': '#000000'}",True,23038,46.16206666666667,53.063,2024,"{'id': '766', 'name': 'Panasonic Stadium Suita', 'pitches': [{'endDate': None, 'id': '387', 'length': 105.0, 'startDate': '2015-01-01', 'width': 68.0}]}",150.741,3012.175,"{'fps': 24.97, 'id': '23147', 'videoUrl': 'epitome-staging.pff.com/en/film_room/5339d6f7-48bd-4d31-9400-3e1526d86603'}",2
"{'id': '830', 'name': 'Cerezo Osaka', 'shortName': 'CEO'}","{'name': 'Away', 'primaryColor': '#ffffff', 'primaryTextColor': '#dc1670', 'secondaryColor': '#dc1670', 'secondaryTextColor': '#ffffff'}","{'id': '103', 'name': 'Japanese J1 League'}",2024-03-02T06:00:00,3052.759,6263.564,"{'id': '816', 'name': 'Kashima Antlers', 'shortName': 'KAN'}","{'name': 'Home', 'primaryColor': '#be0024', 'primaryTextColor': '#000000', 'secondaryColor': '#000000', 'secondaryTextColor': '#be0024'}",False,23039,48.1527,52.36015,2024,"{'id': '754', 'name': 'Kashima Soccer Stadium', 'pitches': [{'endDate': None, 'id': '365', 'length': 115.0, 'startDate': '1993-01-01', 'width': 78.0}]}",163.597,3121.955,"{'fps': 29.97, 'id': '18179', 'videoUrl': 'epitome-staging.pff.com/en/film_room/05cbb4b0-39d1-4120-b7b4-7ebc84bf3c19'}",2
"{'id': '820', 'name': 'Tokyo Verdy', 'shortName': 'TKV'}","{'name': 'Away', 'primaryColor': '#cddfd1', 'primaryTextColor': '#1d1111', 'secondaryColor': '#1d1111', 'secondaryTextColor': '#cddfd1'}","{'id': '103', 'name': 'Japanese J1 League'}",2024-03-03T07:00:00,2977.811,6168.001,"{'id': '817', 'name': 'Urawa Red Diamonds', 'shortName': 'URD'}","{'name': 'Home', 'primaryColor': '#d90115', 'primaryTextColor': '#000000', 'secondaryColor': '#000000', 'secondaryTextColor': '#d90115'}",True,23040,47.18886666666667,51.39861666666668,2024,"{'id': '755', 'name': 'Saitama Stadium 2002', 'pitches': [{'endDate': None, 'id': '220', 'length': 105.0, 'startDate': '2001-01-01', 'width': 68.0}]}",146.479,3084.084,"{'fps': 29.97, 'id': '18301', 'videoUrl': 'epitome-staging.pff.com/en/film_room/be30049a-b124-420e-bfb9-257ca3ff4f50'}",2
"{'id': '827', 'name': 'Nagoya Grampus', 'shortName': 'NGR'}","{'name': 'Home', 'primaryColor': '#cf0c17', 'primaryTextColor': '#ffffff', 'secondaryColor': '#ffffff', 'secondaryTextColor': '#cf0c17'}","{'id': '103', 'name': 'Japanese J1 League'}",2024-03-09T05:00:00,2940.44,5999.8,"{'id': '825', 'name': 'Albirex Niigata', 'shortName': 'ANI'}","{'name': 'Home', 'primaryColor': '#ff5500', 'primaryTextColor': '#0125d3', 'secondaryColor': '#0125d3', 'secondaryTextColor': '#ff5500'}",True,23041,46.1478,50.11901666666667,2024,"{'id': '762', 'name': 'Denka Big Swan Stadium', 'pitches': [{'endDate': None, 'id': '404', 'length': 107.0, 'startDate': '2001-01-01', 'width': 72.0}]}",171.572,2992.659,"{'fps': 29.97, 'id': '18493', 'videoUrl': 'epitome-staging.pff.com/en/film_room/93099712-5d41-4cd9-8fa4-f4870736704c'}",3
"{'id': '818', 'name': 'Kashiwa Reysol', 'shortName': 'KRY'}","{'name': 'Home', 'primaryColor': '#fff200', 'primaryTextColor': '#000000', 'secondaryColor': '#000000', 'secondaryTextColor': '#fff200'}","{'id': '103', 'name': 'Japanese J1 League'}",2024-03-09T05:00:00,2958.871,6123.829,"{'id': '826', 'name': 'Júbilo Iwata', 'shortName': 'JIW'}","{'name': 'Home', 'primaryColor': '#3e9ed8', 'primaryTextColor': '#ffffff', 'secondaryColor': '#ffffff', 'secondaryTextColor': '#3e9ed8'}",False,23042,46.140033333333335,51.17208333333333,2024,"{'id': '763', 'name': 'Yamaha Stadium', 'pitches': [{'endDate': None, 'id': '349', 'length': 111.0, 'startDate': '1978-01-01', 'width': 75.0}]}",190.469,3053.504,"{'fps': 24.97, 'id': '23148', 'videoUrl': 'epitome-staging.pff.com/en/film_room/326967d0-f9aa-4b9b-a943-092025860a60'}",3
"{'id': '816', 'name': 'Kashima Antlers', 'shortName': 'KAN'}","{'name': 'Away', 'primaryColor': '#ffffff', 'primaryTextColor': '#002f9b', 'secondaryColor': '#002f9b', 'secondaryTextColor': '#ffffff'}","{'id': '103', 'name': 'Japanese J1 League'}",2024-03-09T05:00:00,3094.914,6188.026,"{'id': '821', 'name': 'FC Machida Zelvia', 'shortName': 'MZE'}","{'name': 'Home', 'primaryColor': '#0046b6', 'primaryTextColor': '#01142c', 'secondaryColor': '#01142c', 'secondaryTextColor': '#0046b6'}",False,23043,48.206516666666666,50.16955,2024,"{'id': '758', 'name': 'Machida GION Stadium', 'pitches': [{'endDate': None, 'id': '348', 'length': 107.0, 'startDate': '1990-01-01', 'width': 71.0}]}",202.523,3177.853,"{'fps': 24.97, 'id': '23149', 'videoUrl': 'epitome-staging.pff.com/en/film_room/e3c0ab1d-7e6c-4c19-a3c5-b6d952d09809'}",3
"{'id': '829', 'name': 'Gamba Osaka', 'shortName': 'GMO'}","{'name': 'Away', 'primaryColor': '#ffffff', 'primaryTextColor': '#000000', 'secondaryColor': '#000000', 'secondaryTextColor': '#ffffff'}","{'id': '103', 'name': 'Japanese J1 League'}",2024-04-10T10:00:00,2863.917,6115.619,"{'id': '823', 'name': 'Yokohama F. Marinos', 'shortName': 'YFM'}","{'name': 'Home', 'primaryColor': '#0000ff', 'primaryTextColor': '#ff0000', 'secondaryColor': '#ff0000', 'secondaryTextColor': '#0000ff'}",True,23044,47.06248333333333,54.1056,2024,"{'id': '760', 'name': 'Nissan Stadium (Yokohama)', 'pitches': [{'endDate': None, 'id': '221', 'length': 107.0, 'startDate': '1998-01-01', 'width': 72.0}]}",40.168,2869.283,"{'fps': 24.97, 'id': '23653', 'videoUrl': 'epitome-staging.pff.com/en/film_room/d615fccf-8b5b-4f8f-a585-1ff9dade6702'}",3
"{'id': '824', 'name': 'Shonan Bellmare', 'shortName': 'SHB'}","{'name': 'Alt2', 'primaryColor': '#ffffff', 'primaryTextColor': '#000000', 'secondaryColor': '#000000', 'secondaryTextColor': '#ffffff'}","{'id': '103', 'name': 'Japanese J1 League'}",2024-03-09T06:00:00,2996.996,6048.018,"{'id': '833', 'name': 'Avispa Fukuoka', 'shortName': 'AVF'}","{'name': 'Home', 'primaryColor': '#00001e', 'primaryTextColor': '#ffffff', 'secondaryColor': '#ffffff', 'secondaryTextColor': '#00001e'}",True,23045,47.24068333333334,49.423316666666665,2024,"{'id': '770', 'name': 'Best Denki Stadium', 'pitches': [{'endDate': None, 'id': '228', 'length': 105.0, 'startDate': '1995-01-01', 'width': 68.0}]}",162.555,3082.619,"{'fps': 24.97, 'id': '23150', 'videoUrl': 'epitome-staging.pff.com/en/film_room/1d50c833-69bb-4c43-b4e1-6c62b2900fd8'}",3
"{'id': '834', 'name': 'Sagan Tosu', 'shortName': 'SGT'}","{'name': 'Away', 'primaryColor': '#eeb5cf', 'primaryTextColor': '#ea529b', 'secondaryColor': '#ea529b', 'secondaryTextColor': '#eeb5cf'}","{'id': '103', 'name': 'Japanese J1 League'}",2024-03-09T06:00:00,3020.705,6176.572,"{'id': '832', 'name': 'Sanfrecce Hiroshima', 'shortName': 'SHI'}","{'name': 'Home', 'primaryColor': '#603bac', 'primaryTextColor': '#ffffff', 'secondaryColor': '#2f186f', 'secondaryTextColor': '#ffffff'}",False,23046,48.09973333333333,51.03325,2024,"{'id': '769', 'name': 'Edion Peace Wing Hiroshima', 'pitches': [{'endDate': None, 'id': '367', 'length': 105.0, 'startDate': '2024-01-01', 'width': 68.0}]}",134.721,3114.577,"{'fps': 24.97, 'id': '23151', 'videoUrl': 'epitome-staging.pff.com/en/film_room/9ff67d94-ca09-47d7-b43f-dc04835062e4'}",3
"{'id': '820', 'name': 'Tokyo Verdy', 'shortName': 'TKV'}","{'name': 'Away', 'primaryColor': '#cddfd1', 'primaryTextColor': '#1d1111', 'secondaryColor': '#1d1111', 'secondaryTextColor': '#cddfd1'}","{'id': '103', 'name': 'Japanese J1 League'}",2024-03-09T07:00:00,2792.311,6216.259,"{'id': '830', 'name': 'Cerezo Osaka', 'shortName': 'CEO'}","{'name': 'Home', 'primaryColor': '#dc1670', 'primaryTextColor': '#000040', 'secondaryColor': '#000040', 'secondaryTextColor': '#dc1670'}",True,23047,46.142716666666665,56.16873333333333,2024,"{'id': '767', 'name': 'Yodoko Sakura Stadium', 'pitches': [{'endDate': None, 'id': '405', 'length': 105.0, 'startDate': '1987-01-01', 'width': 68.0}]}",23.748,2846.135,"{'fps': 24.97, 'id': '23570', 'videoUrl': 'epitome-staging.pff.com/en/film_room/29892e12-8868-49f7-abf0-2787e68e76e9'}",3
"{'id': '831', 'name': 'Vissel Kobe', 'shortName': 'VKO'}","{'name': '2024 Alt', 'primaryColor': '#ffffff', 'primaryTextColor': '#4c0319', 'secondaryColor': '#4c0319', 'secondaryTextColor': '#ffffff'}","{'id': '103', 'name': 'Japanese J1 League'}",2024-03-09T07:00:00,3120.187,6334.668,"{'id': '819', 'name': 'FC Tokyo', 'shortName': 'FCT'}","{'name': 'Home', 'primaryColor': '#0000b7', 'primaryTextColor': '#ff0000', 'secondaryColor': '#ff0000', 'secondaryTextColor': '#0000b7'}",True,23048,49.62185,52.0921,2024,"{'id': '757', 'name': 'Ajinomoto Stadium', 'pitches': [{'endDate': None, 'id': '403', 'length': 105.0, 'startDate': '2001-01-01', 'width': 68.0}]}",142.876,3209.142,"{'fps': 29.97, 'id': '18494', 'videoUrl': 'epitome-staging.pff.com/en/film_room/db843aec-ca4b-438c-b29e-508362ca72f2'}",3
"{'id': '828', 'name': 'Kyoto Sanga FC', 'shortName': 'KYS'}","{'name': 'Away', 'primaryColor': '#c4c4c4', 'primaryTextColor': '#ffffff', 'secondaryColor': '#ffffff', 'secondaryTextColor': '#c4c4c4'}","{'id': '103', 'name': 'Japanese J1 League'}",2024-03-09T07:00:00,3061.073,6423.909,"{'id': '822', 'name': 'Kawasaki Frontale', 'shortName': 'KFR'}","{'name': 'Home', 'primaryColor': '#2299e5', 'primaryTextColor': '#000000', 'secondaryColor': '#000000', 'secondaryTextColor': '#2299e5'}",True,23049,50.49993333333333,54.58483333333333,2024,"{'id': '759', 'name': 'Todoroki Stadium', 'pitches': [{'endDate': None, 'id': '366', 'length': 105.0, 'startDate': '1962-01-01', 'width': 68.0}]}",31.077,3148.819,"{'fps': 24.97, 'id': '23571', 'videoUrl': 'epitome-staging.pff.com/en/film_room/c8e69348-969e-4c5d-9613-3b201ef32843'}",3
"{'id': '817', 'name': 'Urawa Red Diamonds', 'shortName': 'URD'}","{'name': 'alt', 'primaryColor': '#ffffff', 'primaryTextColor': '#000000', 'secondaryColor': '#000000', 'secondaryTextColor': '#ffffff'}","{'id': '103', 'name': 'Japanese J1 League'}",2024-03-10T04:05:00,3054.425,6147.817,"{'id': '815', 'name': 'Hokkaido Consadole Sapporo', 'shortName': 'HCS'}","{'name': 'Home', 'primaryColor': '#ff0000', 'primaryTextColor': '#000000', 'secondaryColor': '#000000', 'secondaryTextColor': '#ff0000'}",True,23050,47.09183333333333,50.33038333333333,2024,"{'id': '753', 'name': 'Sapporo Dome', 'pitches': [{'endDate': None, 'id': '659', 'length': 105.0, 'startDate': '2001-01-01', 'width': 68.0}]}",228.915,3127.994,"{'fps': 24.97, 'id': '23572', 'videoUrl': 'epitome-staging.pff.com/en/film_room/62340d13-3c54-4bc2-a89b-13edebaa71ec'}",3
"{'id': '819', 'name': 'FC Tokyo', 'shortName': 'FCT'}","{'name': 'Away', 'primaryColor': '#ffffff', 'primaryTextColor': '#0000b8', 'secondaryColor': '#0000b8', 'secondaryTextColor': '#ffffff'}","{'id': '103', 'name': 'Japanese J1 League'}",2024-03-16T04:00:00,2956.107,6185.422,"{'id': '833', 'name': 'Avispa Fukuoka', 'shortName': 'AVF'}","{'name': 'Home', 'primaryColor': '#00001e', 'primaryTextColor': '#ffffff', 'secondaryColor': '#ffffff', 'secondaryTextColor': '#00001e'}",True,23051,48.06233333333333,52.12319999999999,2024,"{'id': '770', 'name': 'Best Denki Stadium', 'pitches': [{'endDate': None, 'id': '228', 'length': 105.0, 'startDate': '1995-01-01', 'width': 68.0}]}",72.367,3058.03,"{'fps': 24.97, 'id': '23573', 'videoUrl': 'epitome-staging.pff.com/en/film_room/541fa05c-4216-43d6-a1a0-044cd6211d31'}",4
"{'id': '821', 'name': 'FC Machida Zelvia', 'shortName': 'MZE'}","{'name': 'Away', 'primaryColor': '#ffffff', 'primaryTextColor': '#0046b6', 'secondaryColor': '#0046b6', 'secondaryTextColor': '#ffffff'}","{'id': '103', 'name': 'Japanese J1 League'}",2024-03-16T05:00:00,2726.592,5979.295,"{'id': '815', 'name': 'Hokkaido Consadole Sapporo', 'shortName': 'HCS'}","{'name': 'Home', 'primaryColor': '#ff0000', 'primaryTextColor': '#000000', 'secondaryColor': '#000000', 'secondaryTextColor': '#ff0000'}",True,23052,45.218266666666665,53.47016666666666,2024,"{'id': '753', 'name': 'Sapporo Dome', 'pitches': [{'endDate': None, 'id': '659', 'length': 105.0, 'startDate': '2001-01-01', 'width': 68.0}]}",13.496,2771.085,"{'fps': 24.97, 'id': '23574', 'videoUrl': 'epitome-staging.pff.com/en/film_room/ed2cfd38-846a-4170-8d8f-8b8afb41a9cd'}",4
"{'id': '832', 'name': 'Sanfrecce Hiroshima', 'shortName': 'SHI'}","{'name': 'Away', 'primaryColor': '#ffffff', 'primaryTextColor': '#2f186f', 'secondaryColor': '#2f186f', 'secondaryTextColor': '#ffffff'}","{'id': '103', 'name': 'Japanese J1 League'}",2024-03-16T05:00:00,3151.385,6155.822,"{'id': '831', 'name': 'Vissel Kobe', 'shortName': 'VKO'}","{'name': 'Home', 'primaryColor': '#4c0319', 'primaryTextColor': '#ffffff', 'secondaryColor': '#ffffff', 'secondaryTextColor': '#4c0319'}",False,23053,50.31253333333334,49.81146666666667,2024,"{'id': '768', 'name': 'Noevir Stadium', 'pitches': [{'endDate': None, 'id': '350', 'length': 105.0, 'startDate': '2001-01-01', 'width': 68.0}]}",132.633,3167.134,"{'fps': 29.97, 'id': '18780', 'videoUrl': 'epitome-staging.pff.com/en/film_room/6f09e9c3-9b34-4c6d-8626-c652c4f6c7a1'}",4
"{'id': '826', 'name': 'Júbilo Iwata', 'shortName': 'JIW'}","{'name': 'Away', 'primaryColor': '#e6e6e6', 'primaryTextColor': '#000000', 'secondaryColor': '#000000', 'secondaryTextColor': '#e6e6e6'}","{'id': '103', 'name': 'Japanese J1 League'}",2024-03-16T06:00:00,2770.805,5833.36,"{'id': '829', 'name': 'Gamba Osaka', 'shortName': 'GMO'}","{'name': 'Home', 'primaryColor': '#000000', 'primaryTextColor': '#ffffff', 'secondaryColor': '#ffffff', 'secondaryTextColor': '#000000'}",True,23054,46.05593333333333,50.28634999999999,2024,"{'id': '766', 'name': 'Panasonic Stadium Suita', 'pitches': [{'endDate': None, 'id': '387', 'length': 105.0, 'startDate': '2015-01-01', 'width': 68.0}]}",7.449,2816.179,"{'fps': 24.97, 'id': '23575', 'videoUrl': 'epitome-staging.pff.com/en/film_room/6c705e60-6595-4b92-be0e-4732cbcdb32e'}",4
"{'id': '827', 'name': 'Nagoya Grampus', 'shortName': 'NGR'}","{'name': 'Home', 'primaryColor': '#cf0c17', 'primaryTextColor': '#ffffff', 'secondaryColor': '#ffffff', 'secondaryTextColor': '#cf0c17'}","{'id': '103', 'name': 'Japanese J1 League'}",2024-03-16T06:00:00,3422.067,6614.978,"{'id': '818', 'name': 'Kashiwa Reysol', 'shortName': 'KRY'}","{'name': 'Home', 'primaryColor': '#fff200', 'primaryTextColor': '#000000', 'secondaryColor': '#000000', 'secondaryTextColor': '#fff200'}",False,23055,51.21346666666667,51.52516666666667,2024,"{'id': '756', 'name': 'Sankyo Frontier Kashiwa Stadium', 'pitches': [{'endDate': None, 'id': '385', 'length': 105.0, 'startDate': '1995-01-01', 'width': 68.0}]}",349.259,3523.468,"{'fps': 24.97, 'id': '23576', 'videoUrl': 'epitome-staging.pff.com/en/film_room/b8859296-b772-4e06-887c-01daeb383b7c'}",4
"{'id': '830', 'name': 'Cerezo Osaka', 'shortName': 'CEO'}","{'name': 'Home', 'primaryColor': '#dc1670', 'primaryTextColor': '#000040', 'secondaryColor': '#000040', 'secondaryTextColor': '#dc1670'}","{'id': '103', 'name': 'Japanese J1 League'}",2024-03-16T06:00:00,2907.93,6219.543,"{'id': '834', 'name': 'Sagan Tosu', 'shortName': 'SGT'}","{'name': 'Alt', 'primaryColor': '#ffffff', 'primaryTextColor': '#000000', 'secondaryColor': '#000000', 'secondaryTextColor': '#ffffff'}",True,23056,47.12388333333333,54.28113333333332,2024,"{'id': '771', 'name': 'Ekimae Stadium', 'pitches': [{'endDate': None, 'id': '395', 'length': 105.0, 'startDate': '1996-01-01', 'width': 68.0}]}",80.497,2962.675,"{'fps': 24.97, 'id': '23577', 'videoUrl': 'epitome-staging.pff.com/en/film_room/7c931a6e-c4db-483b-98d4-4e682a98876c'}",4
"{'id': '825', 'name': 'Albirex Niigata', 'shortName': 'ANI'}","{'name': 'Away', 'primaryColor': '#ffffff', 'primaryTextColor': '#0125d3', 'secondaryColor': '#0125d3', 'secondaryTextColor': '#ffffff'}","{'id': '103', 'name': 'Japanese J1 League'}",2024-03-16T07:00:00,2911.534,6055.947,"{'id': '820', 'name': 'Tokyo Verdy', 'shortName': 'TKV'}","{'name': 'Home', 'primaryColor': '#01532c', 'primaryTextColor': '#a89968', 'secondaryColor': '#a89968', 'secondaryTextColor': '#01532c'}",True,23057,47.65853333333334,51.57788333333334,2024,"{'id': '757', 'name': 'Ajinomoto Stadium', 'pitches': [{'endDate': None, 'id': '403', 'length': 105.0, 'startDate': '2001-01-01', 'width': 68.0}]}",52.022,2961.274,"{'fps': 24.97, 'id': '23578', 'videoUrl': 'epitome-staging.pff.com/en/film_room/6aed7d81-9284-42b3-b0f1-ab97e7930fd2'}",4
"{'id': '823', 'name': 'Yokohama F. Marinos', 'shortName': 'YFM'}","{'name': 'Away', 'primaryColor': '#ffffff', 'primaryTextColor': '#000000', 'secondaryColor': '#000000', 'secondaryTextColor': '#ffffff'}","{'id': '103', 'name': 'Japanese J1 League'}",2024-03-17T05:00:00,2966.279,6185.182,"{'id': '828', 'name': 'Kyoto Sanga FC', 'shortName': 'KYS'}","{'name': 'Home', 'primaryColor': '#503479', 'primaryTextColor': '#ffffff', 'secondaryColor': '#ffffff', 'secondaryTextColor': '#503479'}",True,23058,48.573616666666666,53.06901666666666,2024,"{'id': '765', 'name': 'Sanga Stadium by Kyocera', 'pitches': [{'endDate': None, 'id': '231', 'length': 105.0, 'startDate': '2020-01-01', 'width': 68.0}]}",51.862,3001.041,"{'fps': 24.97, 'id': '23579', 'videoUrl': 'epitome-staging.pff.com/en/film_room/6e942135-f066-466e-a097-4493d2674e36'}",4
"{'id': '822', 'name': 'Kawasaki Frontale', 'shortName': 'KFR'}","{'name': 'Home', 'primaryColor': '#2299e5', 'primaryTextColor': '#000000', 'secondaryColor': '#000000', 'secondaryTextColor': '#2299e5'}","{'id': '103', 'name': 'Japanese J1 League'}",2024-03-17T06:00:00,2975.876,6124.825,"{'id': '816', 'name': 'Kashima Antlers', 'shortName': 'KAN'}","{'name': 'Home', 'primaryColor': '#be0024', 'primaryTextColor': '#000000', 'secondaryColor': '#000000', 'secondaryTextColor': '#be0024'}",False,23059,47.2428,52.21276666666666,2024,"{'id': '754', 'name': 'Kashima Soccer Stadium', 'pitches': [{'endDate': None, 'id': '365', 'length': 115.0, 'startDate': '1993-01-01', 'width': 78.0}]}",141.308,2992.059,"{'fps': 29.97, 'id': '18833', 'videoUrl': 'epitome-staging.pff.com/en/film_room/aebd461b-3906-49d3-b387-ac810b03cffb'}",4
"{'id': '817', 'name': 'Urawa Red Diamonds', 'shortName': 'URD'}","{'name': 'alt', 'primaryColor': '#ffffff', 'primaryTextColor': '#000000', 'secondaryColor': '#000000', 'secondaryTextColor': '#ffffff'}","{'id': '103', 'name': 'Japanese J1 League'}",2024-03-17T06:00:00,2992.471,5958.15,"{'id': '824', 'name': 'Shonan Bellmare', 'shortName': 'SHB'}","{'name': 'Home', 'primaryColor': '#77f149', 'primaryTextColor': '#053dfa', 'secondaryColor': '#053dfa', 'secondaryTextColor': '#77f149'}",True,23060,49.56815,49.02883333333333,2024,"{'id': '761', 'name': 'Lemon Gas Stadium Hiratsuka', 'pitches': [{'endDate': None, 'id': '386', 'length': 107.0, 'startDate': '1994-01-01', 'width': 71.0}]}",18.382,3016.42,"{'fps': 24.97, 'id': '23581', 'videoUrl': 'epitome-staging.pff.com/en/film_room/19a78e9e-b390-4bf5-94e9-314a8160937f'}",4
"{'id': '828', 'name': 'Kyoto Sanga FC', 'shortName': 'KYS'}","{'name': 'Away', 'primaryColor': '#c4c4c4', 'primaryTextColor': '#ffffff', 'secondaryColor': '#ffffff', 'secondaryTextColor': '#c4c4c4'}","{'id': '103', 'name': 'Japanese J1 League'}",2024-03-29T10:00:00,2937.645,5999.64,"{'id': '820', 'name': 'Tokyo Verdy', 'shortName': 'TKV'}","{'name': 'Home', 'primaryColor': '#01532c', 'primaryTextColor': '#a89968', 'secondaryColor': '#a89968', 'secondaryTextColor': '#01532c'}",True,23061,48.05233333333333,50.56001666666667,2024,"{'id': '757', 'name': 'Ajinomoto Stadium', 'pitches': [{'endDate': None, 'id': '403', 'length': 105.0, 'startDate': '2001-01-01', 'width': 68.0}]}",54.505,2966.039,"{'fps': 24.97, 'id': '23580', 'videoUrl': 'epitome-staging.pff.com/en/film_room/4269ac80-2fdf-4fe1-b322-845559cd6fdc'}",5
"{'id': '829', 'name': 'Gamba Osaka', 'shortName': 'GMO'}","{'name': 'Away', 'primaryColor': '#ffffff', 'primaryTextColor': '#000000', 'secondaryColor': '#000000', 'secondaryTextColor': '#ffffff'}","{'id': '103', 'name': 'Japanese J1 League'}",2024-03-30T04:00:00,3016.78,6080.657,"{'id': '832', 'name': 'Sanfrecce Hiroshima', 'shortName': 'SHI'}","{'name': 'Home', 'primaryColor': '#603bac', 'primaryTextColor': '#ffffff', 'secondaryColor': '#2f186f', 'secondaryTextColor': '#ffffff'}",False,23062,47.095850000000006,50.714200000000005,2024,"{'id': '769', 'name': 'Edion Peace Wing Hiroshima', 'pitches': [{'endDate': None, 'id': '367', 'length': 105.0, 'startDate': '2024-01-01', 'width': 68.0}]}",191.029,3037.805,"{'fps': 24.97, 'id': '23583', 'videoUrl': 'epitome-staging.pff.com/en/film_room/cacd0935-15f7-466e-a47a-9f4aedcdcc90'}",5
"{'id': '818', 'name': 'Kashiwa Reysol', 'shortName': 'KRY'}","{'name': 'Away', 'primaryColor': '#ffffff', 'primaryTextColor': '#00003e', 'secondaryColor': '#00003e', 'secondaryTextColor': '#ffffff'}","{'id': '103', 'name': 'Japanese J1 League'}",2024-03-30T05:00:00,3074.69,6244.814,"{'id': '825', 'name': 'Albirex Niigata', 'shortName': 'ANI'}","{'name': 'Home', 'primaryColor': '#ff5500', 'primaryTextColor': '#0125d3', 'secondaryColor': '#0125d3', 'secondaryTextColor': '#ff5500'}",True,23063,48.67908333333333,52.29341666666667,2024,"{'id': '762', 'name': 'Denka Big Swan Stadium', 'pitches': [{'endDate': None, 'id': '404', 'length': 107.0, 'startDate': '2001-01-01', 'width': 72.0}]}",153.945,3107.209,"{'fps': 24.97, 'id': '23584', 'videoUrl': 'epitome-staging.pff.com/en/film_room/ee354fcf-5dcf-4a61-b61a-300eb948c602'}",5
"{'id': '815', 'name': 'Hokkaido Consadole Sapporo', 'shortName': 'HCS'}","{'name': 'Alt', 'primaryColor': '#ffffff', 'primaryTextColor': '#000000', 'secondaryColor': '#000000', 'secondaryTextColor': '#ffffff'}","{'id': '103', 'name': 'Japanese J1 League'}",2024-03-30T05:00:00,3167.534,6336.937,"{'id': '831', 'name': 'Vissel Kobe', 'shortName': 'VKO'}","{'name': 'Home', 'primaryColor': '#4c0319', 'primaryTextColor': '#ffffff', 'secondaryColor': '#ffffff', 'secondaryTextColor': '#4c0319'}",False,23064,50.06006666666667,50.55778333333333,2024,"{'id': '768', 'name': 'Noevir Stadium', 'pitches': [{'endDate': None, 'id': '350', 'length': 105.0, 'startDate': '2001-01-01', 'width': 68.0}]}",163.93,3303.47,"{'fps': 29.97, 'id': '19137', 'videoUrl': 'epitome-staging.pff.com/en/film_room/fb54ba03-15e3-41d5-a0b4-35bf39ebc949'}",5
"{'id': '826', 'name': 'Júbilo Iwata', 'shortName': 'JIW'}","{'name': 'Away', 'primaryColor': '#e6e6e6', 'primaryTextColor': '#000000', 'secondaryColor': '#000000', 'secondaryTextColor': '#e6e6e6'}","{'id': '103', 'name': 'Japanese J1 League'}",2024-03-30T06:00:00,3075.771,6166.68,"{'id': '816', 'name': 'Kashima Antlers', 'shortName': 'KAN'}","{'name': 'Home', 'primaryColor': '#be0024', 'primaryTextColor': '#000000', 'secondaryColor': '#000000', 'secondaryTextColor': '#be0024'}",False,23065,48.22186666666667,50.70685000000001,2024,"{'id': '754', 'name': 'Kashima Soccer Stadium', 'pitches': [{'endDate': None, 'id': '365', 'length': 115.0, 'startDate': '1993-01-01', 'width': 78.0}]}",182.459,3124.269,"{'fps': 24.97, 'id': '23585', 'videoUrl': 'epitome-staging.pff.com/en/film_room/2c50f121-c2d8-4e38-8279-aafcd95b5015'}",5
"{'id': '819', 'name': 'FC Tokyo', 'shortName': 'FCT'}","{'name': 'Away', 'primaryColor': '#ffffff', 'primaryTextColor': '#0000b8', 'secondaryColor': '#0000b8', 'secondaryTextColor': '#ffffff'}","{'id': '103', 'name': 'Japanese J1 League'}",2024-03-30T06:00:00,2979.976,6120.745,"{'id': '822', 'name': 'Kawasaki Frontale', 'shortName': 'KFR'}","{'name': 'Home', 'primaryColor': '#2299e5', 'primaryTextColor': '#000000', 'secondaryColor': '#000000', 'secondaryTextColor': '#2299e5'}",True,23066,47.28273333333333,51.85756666666666,2024,"{'id': '759', 'name': 'Todoroki Stadium', 'pitches': [{'endDate': None, 'id': '366', 'length': 105.0, 'startDate': '1962-01-01', 'width': 68.0}]}",143.012,3009.291,"{'fps': 24.97, 'id': '23586', 'videoUrl': 'epitome-staging.pff.com/en/film_room/50ce9f8a-a085-46d3-9098-df2fbf7d0354'}",5
"{'id': '834', 'name': 'Sagan Tosu', 'shortName': 'SGT'}","{'name': 'Alt', 'primaryColor': '#ffffff', 'primaryTextColor': '#000000', 'secondaryColor': '#000000', 'secondaryTextColor': '#ffffff'}","{'id': '103', 'name': 'Japanese J1 League'}",2024-03-30T06:00:00,3063.156,6242.531,"{'id': '821', 'name': 'FC Machida Zelvia', 'shortName': 'MZE'}","{'name': 'Home', 'primaryColor': '#0046b6', 'primaryTextColor': '#01142c', 'secondaryColor': '#01142c', 'secondaryTextColor': '#0046b6'}",False,23067,48.65238333333333,51.033233333333335,2024,"{'id': '758', 'name': 'Machida GION Stadium', 'pitches': [{'endDate': None, 'id': '348', 'length': 107.0, 'startDate': '1990-01-01', 'width': 71.0}]}",144.013,3180.537,"{'fps': 24.97, 'id': '23587', 'videoUrl': 'epitome-staging.pff.com/en/film_room/94879ba0-8ada-4946-a593-3e792782e930'}",5
"{'id': '833', 'name': 'Avispa Fukuoka', 'shortName': 'AVF'}","{'name': 'Away', 'primaryColor': '#c3c3c3', 'primaryTextColor': '#000000', 'secondaryColor': '#000000', 'secondaryTextColor': '#c3c3c3'}","{'id': '103', 'name': 'Japanese J1 League'}",2024-03-30T06:00:00,2919.383,6110.773,"{'id': '817', 'name': 'Urawa Red Diamonds', 'shortName': 'URD'}","{'name': 'Home', 'primaryColor': '#d90115', 'primaryTextColor': '#000000', 'secondaryColor': '#000000', 'secondaryTextColor': '#d90115'}",True,23068,46.04858333333333,52.41623333333334,2024,"{'id': '755', 'name': 'Saitama Stadium 2002', 'pitches': [{'endDate': None, 'id': '220', 'length': 105.0, 'startDate': '2001-01-01', 'width': 68.0}]}",156.468,2965.799,"{'fps': 24.97, 'id': '23588', 'videoUrl': 'epitome-staging.pff.com/en/film_room/7d95144d-ab8f-41a4-8e89-905d6dc1d1fc'}",5
"{'id': '824', 'name': 'Shonan Bellmare', 'shortName': 'SHB'}","{'name': 'Alt2', 'primaryColor': '#ffffff', 'primaryTextColor': '#000000', 'secondaryColor': '#000000', 'secondaryTextColor': '#ffffff'}","{'id': '103', 'name': 'Japanese J1 League'}",2024-03-30T07:00:00,3140.569,6210.172,"{'id': '830', 'name': 'Cerezo Osaka', 'shortName': 'CEO'}","{'name': 'Home', 'primaryColor': '#dc1670', 'primaryTextColor': '#000040', 'secondaryColor': '#000040', 'secondaryTextColor': '#dc1670'}",True,23069,48.4695,50.6154,2024,"{'id': '767', 'name': 'Yodoko Sakura Stadium', 'pitches': [{'endDate': None, 'id': '405', 'length': 105.0, 'startDate': '1987-01-01', 'width': 68.0}]}",232.399,3173.248,"{'fps': 24.97, 'id': '23591', 'videoUrl': 'epitome-staging.pff.com/en/film_room/acfd7f24-068f-4978-9f62-a0c3345bf6ae'}",5
"{'id': '823', 'name': 'Yokohama F. Marinos', 'shortName': 'YFM'}","{'name': 'Away', 'primaryColor': '#ffffff', 'primaryTextColor': '#000000', 'secondaryColor': '#000000', 'secondaryTextColor': '#ffffff'}","{'id': '103', 'name': 'Japanese J1 League'}",2024-03-30T07:00:00,3322.99,6509.71,"{'id': '827', 'name': 'Nagoya Grampus', 'shortName': 'NGR'}","{'name': 'Home', 'primaryColor': '#cf0c17', 'primaryTextColor': '#ffffff', 'secondaryColor': '#ffffff', 'secondaryTextColor': '#cf0c17'}",True,23070,52.773333333333326,52.202216666666665,2024,"{'id': '764', 'name': 'Toyota Stadium (Nagoya)', 'pitches': [{'endDate': None, 'id': '376', 'length': 105.0, 'startDate': '2001-01-01', 'width': 68.0}]}",156.59,3377.577,"{'fps': 29.97, 'id': '19144', 'videoUrl': 'epitome-staging.pff.com/en/film_room/56ef022f-7acf-4ed1-89c3-410e94300f88'}",5
"{'id': '816', 'name': 'Kashima Antlers', 'shortName': 'KAN'}","{'name': 'Away', 'primaryColor': '#ffffff', 'primaryTextColor': '#002f9b', 'secondaryColor': '#002f9b', 'secondaryTextColor': '#ffffff'}","{'id': '103', 'name': 'Japanese J1 League'}",2024-04-03T10:00:00,2963.837,6158.951,"{'id': '833', 'name': 'Avispa Fukuoka', 'shortName': 'AVF'}","{'name': 'Home', 'primaryColor': '#00001e', 'primaryTextColor': '#ffffff', 'secondaryColor': '#ffffff', 'secondaryTextColor': '#00001e'}",True,23071,47.10386666666667,52.11455,2024,"{'id': '770', 'name': 'Best Denki Stadium', 'pitches': [{'endDate': None, 'id': '228', 'length': 105.0, 'startDate': '1995-01-01', 'width': 68.0}]}",137.605,3032.078,"{'fps': 24.97, 'id': '24513', 'videoUrl': 'epitome-staging.pff.com/en/film_room/649367b2-7383-46ce-a9d2-a68bb3e6d236'}",6
"{'id': '828', 'name': 'Kyoto Sanga FC', 'shortName': 'KYS'}","{'name': 'Away', 'primaryColor': '#c4c4c4', 'primaryTextColor': '#ffffff', 'secondaryColor': '#ffffff', 'secondaryTextColor': '#c4c4c4'}","{'id': '103', 'name': 'Japanese J1 League'}",2024-04-03T10:00:00,2993.112,5977.573,"{'id': '829', 'name': 'Gamba Osaka', 'shortName': 'GMO'}","{'name': 'Home', 'primaryColor': '#000000', 'primaryTextColor': '#ffffff', 'secondaryColor': '#ffffff', 'secondaryTextColor': '#000000'}",True,23072,47.11455,49.1116,2024,"{'id': '766', 'name': 'Panasonic Stadium Suita', 'pitches': [{'endDate': None, 'id': '387', 'length': 105.0, 'startDate': '2015-01-01', 'width': 68.0}]}",166.239,3030.877,"{'fps': 24.97, 'id': '23597', 'videoUrl': 'epitome-staging.pff.com/en/film_room/a57ec8a3-b1ed-495e-a534-92cbc869556f'}",6
"{'id': '825', 'name': 'Albirex Niigata', 'shortName': 'ANI'}","{'name': 'Away', 'primaryColor': '#ffffff', 'primaryTextColor': '#0125d3', 'secondaryColor': '#0125d3', 'secondaryTextColor': '#ffffff'}","{'id': '103', 'name': 'Japanese J1 League'}",2024-04-03T10:00:00,2909.531,6043.652,"{'id': '826', 'name': 'Júbilo Iwata', 'shortName': 'JIW'}","{'name': 'Home', 'primaryColor': '#3e9ed8', 'primaryTextColor': '#ffffff', 'secondaryColor': '#ffffff', 'secondaryTextColor': '#3e9ed8'}",False,23073,46.065266666666666,51.726733333333335,2024,"{'id': '763', 'name': 'Yamaha Stadium', 'pitches': [{'endDate': None, 'id': '349', 'length': 111.0, 'startDate': '1978-01-01', 'width': 75.0}]}",145.615,2940.048,"{'fps': 24.97, 'id': '23604', 'videoUrl': 'epitome-staging.pff.com/en/film_room/7d250b52-43d2-4d45-bb98-0c3d2da3a139'}",6
"{'id': '830', 'name': 'Cerezo Osaka', 'shortName': 'CEO'}","{'name': 'Away', 'primaryColor': '#ffffff', 'primaryTextColor': '#dc1670', 'secondaryColor': '#dc1670', 'secondaryTextColor': '#ffffff'}","{'id': '103', 'name': 'Japanese J1 League'}",2024-04-03T10:00:00,3157.669,6099.68,"{'id': '818', 'name': 'Kashiwa Reysol', 'shortName': 'KRY'}","{'name': 'Home', 'primaryColor': '#fff200', 'primaryTextColor': '#000000', 'secondaryColor': '#000000', 'secondaryTextColor': '#fff200'}",False,23074,49.73768333333333,48.62035000000001,2024,"{'id': '756', 'name': 'Sankyo Frontier Kashiwa Stadium', 'pitches': [{'endDate': None, 'id': '385', 'length': 105.0, 'startDate': '1995-01-01', 'width': 68.0}]}",173.408,3182.459,"{'fps': 24.97, 'id': '23613', 'videoUrl': 'epitome-staging.pff.com/en/film_room/715fa239-c1e6-4077-a53e-9be1417f5f4d'}",6
"{'id': '832', 'name': 'Sanfrecce Hiroshima', 'shortName': 'SHI'}","{'name': 'Away', 'primaryColor': '#ffffff', 'primaryTextColor': '#2f186f', 'secondaryColor': '#2f186f', 'secondaryTextColor': '#ffffff'}","{'id': '103', 'name': 'Japanese J1 League'}",2024-04-03T10:00:00,3101.562,6203.244,"{'id': '821', 'name': 'FC Machida Zelvia', 'shortName': 'MZE'}","{'name': 'Home', 'primaryColor': '#0046b6', 'primaryTextColor': '#01142c', 'secondaryColor': '#01142c', 'secondaryTextColor': '#0046b6'}",False,23075,49.06288333333334,51.14604999999999,2024,"{'id': '758', 'name': 'Machida GION Stadium', 'pitches': [{'endDate': None, 'id': '348', 'length': 107.0, 'startDate': '1990-01-01', 'width': 71.0}]}",157.789,3134.481,"{'fps': 24.97, 'id': '23621', 'videoUrl': 'epitome-staging.pff.com/en/film_room/97638d71-5275-4c31-b409-1b4de7b0707f'}",6
"{'id': '831', 'name': 'Vissel Kobe', 'shortName': 'VKO'}","{'name': '2024 Alt', 'primaryColor': '#ffffff', 'primaryTextColor': '#4c0319', 'secondaryColor': '#4c0319', 'secondaryTextColor': '#ffffff'}","{'id': '103', 'name': 'Japanese J1 League'}",2024-04-03T10:00:00,3060.713,6149.019,"{'id': '834', 'name': 'Sagan Tosu', 'shortName': 'SGT'}","{'name': 'Home', 'primaryColor': '#00a1d3', 'primaryTextColor': '#ea529b', 'secondaryColor': '#ea529b', 'secondaryTextColor': '#00a1d3'}",True,23076,50.42251666666667,51.25216666666667,2024,"{'id': '771', 'name': 'Ekimae Stadium', 'pitches': [{'endDate': None, 'id': '395', 'length': 105.0, 'startDate': '1996-01-01', 'width': 68.0}]}",35.362,3073.889,"{'fps': 24.97, 'id': '23654', 'videoUrl': 'epitome-staging.pff.com/en/film_room/de7c8ac2-2bec-4968-8379-a90c8fb2146a'}",6
"{'id': '822', 'name': 'Kawasaki Frontale', 'shortName': 'KFR'}","{'name': 'Away', 'primaryColor': '#eee3ab', 'primaryTextColor': '#000000', 'secondaryColor': '#000000', 'secondaryTextColor': '#eee3ab'}","{'id': '103', 'name': 'Japanese J1 League'}",2024-04-03T10:00:00,3245.612,6627.761,"{'id': '823', 'name': 'Yokohama F. Marinos', 'shortName': 'YFM'}","{'name': 'Home', 'primaryColor': '#0000ff', 'primaryTextColor': '#ff0000', 'secondaryColor': '#ff0000', 'secondaryTextColor': '#0000ff'}",True,23078,51.79623333333333,56.10833333333334,2024,"{'id': '760', 'name': 'Nissan Stadium (Yokohama)', 'pitches': [{'endDate': None, 'id': '221', 'length': 107.0, 'startDate': '1998-01-01', 'width': 72.0}]}",137.838,3261.261,"{'fps': 29.97, 'id': '19375', 'videoUrl': 'epitome-staging.pff.com/en/film_room/44d96afe-77d5-465f-a17f-36c2aa68f307'}",6
"{'id': '817', 'name': 'Urawa Red Diamonds', 'shortName': 'URD'}","{'name': 'alt', 'primaryColor': '#ffffff', 'primaryTextColor': '#000000', 'secondaryColor': '#000000', 'secondaryTextColor': '#ffffff'}","{'id': '103', 'name': 'Japanese J1 League'}",2024-04-03T10:30:00,3181.081,6264.665,"{'id': '819', 'name': 'FC Tokyo', 'shortName': 'FCT'}","{'name': 'Home', 'primaryColor': '#0000b7', 'primaryTextColor': '#ff0000', 'secondaryColor': '#ff0000', 'secondaryTextColor': '#0000b7'}",True,23079,50.1179,51.08053333333333,2024,"{'id': '28', 'name': 'Japan National Stadium', 'pitches': [{'endDate': None, 'id': '27', 'length': 101.0, 'startDate': '2019-01-01', 'width': 71.0}]}",174.007,3199.833,"{'fps': 29.97, 'id': '19376', 'videoUrl': 'epitome-staging.pff.com/en/film_room/bd3cf730-af39-4c9b-9fea-a137a325ec44'}",6
"{'id': '827', 'name': 'Nagoya Grampus', 'shortName': 'NGR'}","{'name': 'Away', 'primaryColor': '#dddddd', 'primaryTextColor': '#cf0c17', 'secondaryColor': '#cf0c17', 'secondaryTextColor': '#dddddd'}","{'id': '103', 'name': 'Japanese J1 League'}",2024-04-03T10:30:00,2857.709,5932.839,"{'id': '815', 'name': 'Hokkaido Consadole Sapporo', 'shortName': 'HCS'}","{'name': 'Home', 'primaryColor': '#ff0000', 'primaryTextColor': '#000000', 'secondaryColor': '#000000', 'secondaryTextColor': '#ff0000'}",False,23080,47.06313333333333,51.12,2024,"{'id': '753', 'name': 'Sapporo Dome', 'pitches': [{'endDate': None, 'id': '659', 'length': 105.0, 'startDate': '2001-01-01', 'width': 68.0}]}",33.921,2865.639,"{'fps': 24.97, 'id': '23656', 'videoUrl': 'epitome-staging.pff.com/en/film_room/c12b6b46-4bd7-4bff-a0cd-42a93ff22967'}",6
"{'id': '829', 'name': 'Gamba Osaka', 'shortName': 'GMO'}","{'name': 'Away', 'primaryColor': '#ffffff', 'primaryTextColor': '#000000', 'secondaryColor': '#000000', 'secondaryTextColor': '#ffffff'}","{'id': '103', 'name': 'Japanese J1 League'}",2024-04-06T05:00:00,2907.307,6026.159,"{'id': '815', 'name': 'Hokkaido Consadole Sapporo', 'shortName': 'HCS'}","{'name': 'Home', 'primaryColor': '#ff0000', 'primaryTextColor': '#000000', 'secondaryColor': '#000000', 'secondaryTextColor': '#ff0000'}",True,23081,46.1378,50.67176666666666,2024,"{'id': '753', 'name': 'Sapporo Dome', 'pitches': [{'endDate': None, 'id': '659', 'length': 105.0, 'startDate': '2001-01-01', 'width': 68.0}]}",139.039,2985.853,"{'fps': 29.97, 'id': '19457', 'videoUrl': 'epitome-staging.pff.com/en/film_room/9436dd16-1018-4f22-92c5-54ca56b66623'}",7
"{'id': '818', 'name': 'Kashiwa Reysol', 'shortName': 'KRY'}","{'name': 'Away', 'primaryColor': '#ffffff', 'primaryTextColor': '#00003e', 'secondaryColor': '#00003e', 'secondaryTextColor': '#ffffff'}","{'id': '103', 'name': 'Japanese J1 League'}",2024-04-07T03:00:00,3180.737,6302.042,"{'id': '820', 'name': 'Tokyo Verdy', 'shortName': 'TKV'}","{'name': 'Home', 'primaryColor': '#01532c', 'primaryTextColor': '#a89968', 'secondaryColor': '#a89968', 'secondaryTextColor': '#01532c'}",True,23082,50.02803333333334,50.55398333333334,2024,"{'id': '757', 'name': 'Ajinomoto Stadium', 'pitches': [{'endDate': None, 'id': '403', 'length': 105.0, 'startDate': '2001-01-01', 'width': 68.0}]}",179.055,3268.803,"{'fps': 24.97, 'id': '24514', 'videoUrl': 'epitome-staging.pff.com/en/film_room/e9977c70-a96a-4094-963e-393d970ea274'}",7
"{'id': '830', 'name': 'Cerezo Osaka', 'shortName': 'CEO'}","{'name': 'Away', 'primaryColor': '#ffffff', 'primaryTextColor': '#dc1670', 'secondaryColor': '#dc1670', 'secondaryTextColor': '#ffffff'}","{'id': '103', 'name': 'Japanese J1 League'}",2024-04-07T05:00:00,2802.723,5754.706,"{'id': '825', 'name': 'Albirex Niigata', 'shortName': 'ANI'}","{'name': 'Home', 'primaryColor': '#ff5500', 'primaryTextColor': '#0125d3', 'secondaryColor': '#0125d3', 'secondaryTextColor': '#ff5500'}",True,23083,46.17406666666667,49.08356666666667,2024,"{'id': '762', 'name': 'Denka Big Swan Stadium', 'pitches': [{'endDate': None, 'id': '404', 'length': 107.0, 'startDate': '2001-01-01', 'width': 72.0}]}",32.279,2809.692,"{'fps': 24.97, 'id': '23657', 'videoUrl': 'epitome-staging.pff.com/en/film_room/2db69cf6-e234-4c25-b8dc-ea04feeec66c'}",7
"{'id': '826', 'name': 'Júbilo Iwata', 'shortName': 'JIW'}","{'name': 'Away', 'primaryColor': '#e6e6e6', 'primaryTextColor': '#000000', 'secondaryColor': '#000000', 'secondaryTextColor': '#e6e6e6'}","{'id': '103', 'name': 'Japanese J1 League'}",2024-04-07T05:00:00,3105.647,6405.847,"{'id': '828', 'name': 'Kyoto Sanga FC', 'shortName': 'KYS'}","{'name': 'Home', 'primaryColor': '#503479', 'primaryTextColor': '#ffffff', 'secondaryColor': '#ffffff', 'secondaryTextColor': '#503479'}",True,23084,51.1901,54.86783333333333,2024,"{'id': '765', 'name': 'Sanga Stadium by Kyocera', 'pitches': [{'endDate': None, 'id': '231', 'length': 105.0, 'startDate': '2020-01-01', 'width': 68.0}]}",34.241,3113.777,"{'fps': 24.97, 'id': '23658', 'videoUrl': 'epitome-staging.pff.com/en/film_room/5a7b4090-1351-4a70-94dd-bcc062b31c3c'}",7
"{'id': '824', 'name': 'Shonan Bellmare', 'shortName': 'SHB'}","{'name': 'Away', 'primaryColor': '#e7e1c7', 'primaryTextColor': '#000000', 'secondaryColor': '#000000', 'secondaryTextColor': '#e7e1c7'}","{'id': '103', 'name': 'Japanese J1 League'}",2024-04-07T05:00:00,2877.773,6221.185,"{'id': '832', 'name': 'Sanfrecce Hiroshima', 'shortName': 'SHI'}","{'name': 'Home', 'primaryColor': '#603bac', 'primaryTextColor': '#ffffff', 'secondaryColor': '#2f186f', 'secondaryTextColor': '#ffffff'}",True,23085,47.43691666666667,55.15083333333334,2024,"{'id': '769', 'name': 'Edion Peace Wing Hiroshima', 'pitches': [{'endDate': None, 'id': '367', 'length': 105.0, 'startDate': '2024-01-01', 'width': 68.0}]}",31.558,2912.135,"{'fps': 24.97, 'id': '23659', 'videoUrl': 'epitome-staging.pff.com/en/film_room/3469c9ae-942f-4482-b039-bd0f131117ba'}",7
"{'id': '823', 'name': 'Yokohama F. Marinos', 'shortName': 'YFM'}","{'name': 'Away', 'primaryColor': '#ffffff', 'primaryTextColor': '#000000', 'secondaryColor': '#000000', 'secondaryTextColor': '#ffffff'}","{'id': '103', 'name': 'Japanese J1 League'}",2024-04-07T05:00:00,2790.949,6246.095,"{'id': '831', 'name': 'Vissel Kobe', 'shortName': 'VKO'}","{'name': 'Home', 'primaryColor': '#4c0319', 'primaryTextColor': '#ffffff', 'secondaryColor': '#ffffff', 'secondaryTextColor': '#4c0319'}",False,23086,46.44106666666666,57.45360000000001,2024,"{'id': '768', 'name': 'Noevir Stadium', 'pitches': [{'endDate': None, 'id': '350', 'length': 105.0, 'startDate': '2001-01-01', 'width': 68.0}]}",4.485,2798.879,"{'fps': 24.97, 'id': '23651', 'videoUrl': 'epitome-staging.pff.com/en/film_room/6ffa47e8-8bfd-48ae-88cc-c4e48fb0beed'}",7
"{'id': '821', 'name': 'FC Machida Zelvia', 'shortName': 'MZE'}","{'name': 'Away', 'primaryColor': '#ffffff', 'primaryTextColor': '#0046b6', 'secondaryColor': '#0046b6', 'secondaryTextColor': '#ffffff'}","{'id': '103', 'name': 'Japanese J1 League'}",2024-04-07T06:00:00,3101.962,6375.491,"{'id': '822', 'name': 'Kawasaki Frontale', 'shortName': 'KFR'}","{'name': 'Home', 'primaryColor': '#2299e5', 'primaryTextColor': '#000000', 'secondaryColor': '#000000', 'secondaryTextColor': '#2299e5'}",True,23087,49.09023333333333,53.36605,2024,"{'id': '759', 'name': 'Todoroki Stadium', 'pitches': [{'endDate': None, 'id': '366', 'length': 105.0, 'startDate': '1962-01-01', 'width': 68.0}]}",156.548,3173.528,"{'fps': 24.97, 'id': '24516', 'videoUrl': 'epitome-staging.pff.com/en/film_room/fad2d706-cf9e-4533-9e75-14737e136346'}",7
"{'id': '833', 'name': 'Avispa Fukuoka', 'shortName': 'AVF'}","{'name': 'Away', 'primaryColor': '#c3c3c3', 'primaryTextColor': '#000000', 'secondaryColor': '#000000', 'secondaryTextColor': '#c3c3c3'}","{'id': '103', 'name': 'Japanese J1 League'}",2024-04-07T06:00:00,2957.549,5922.307,"{'id': '827', 'name': 'Nagoya Grampus', 'shortName': 'NGR'}","{'name': 'Home', 'primaryColor': '#cf0c17', 'primaryTextColor': '#ffffff', 'secondaryColor': '#ffffff', 'secondaryTextColor': '#cf0c17'}",False,23088,48.75516666666667,49.3045,2024,"{'id': '764', 'name': 'Toyota Stadium (Nagoya)', 'pitches': [{'endDate': None, 'id': '376', 'length': 105.0, 'startDate': '2001-01-01', 'width': 68.0}]}",32.239,2964.037,"{'fps': 24.97, 'id': '23660', 'videoUrl': 'epitome-staging.pff.com/en/film_room/967f82f1-835d-4a96-a7bb-2f362126f5f7'}",7
"{'id': '834', 'name': 'Sagan Tosu', 'shortName': 'SGT'}","{'name': 'Alt', 'primaryColor': '#ffffff', 'primaryTextColor': '#000000', 'secondaryColor': '#000000', 'secondaryTextColor': '#ffffff'}","{'id': '103', 'name': 'Japanese J1 League'}",2024-04-07T06:00:00,2873.088,5949.059,"{'id': '817', 'name': 'Urawa Red Diamonds', 'shortName': 'URD'}","{'name': 'Home', 'primaryColor': '#d90115', 'primaryTextColor': '#000000', 'secondaryColor': '#000000', 'secondaryTextColor': '#d90115'}",True,23089,47.183283333333335,51.12468333333334,2024,"{'id': '755', 'name': 'Saitama Stadium 2002', 'pitches': [{'endDate': None, 'id': '220', 'length': 105.0, 'startDate': '2001-01-01', 'width': 68.0}]}",42.091,2881.578,"{'fps': 24.97, 'id': '23652', 'videoUrl': 'epitome-staging.pff.com/en/film_room/22bfc537-fb60-481c-8195-9621e5bd6f9f'}",7
"{'id': '816', 'name': 'Kashima Antlers', 'shortName': 'KAN'}","{'name': 'Away', 'primaryColor': '#ffffff', 'primaryTextColor': '#002f9b', 'secondaryColor': '#002f9b', 'secondaryTextColor': '#ffffff'}","{'id': '103', 'name': 'Japanese J1 League'}",2024-04-07T08:00:00,2982.449,6237.704,"{'id': '819', 'name': 'FC Tokyo', 'shortName': 'FCT'}","{'name': 'Home', 'primaryColor': '#0000b7', 'primaryTextColor': '#ff0000', 'secondaryColor': '#ff0000', 'secondaryTextColor': '#0000b7'}",True,23090,47.03591666666667,53.09086666666666,2024,"{'id': '28', 'name': 'Japan National Stadium', 'pitches': [{'endDate': None, 'id': '27', 'length': 101.0, 'startDate': '2019-01-01', 'width': 71.0}]}",160.294,3052.252,"{'fps': 29.97, 'id': '19591', 'videoUrl': 'epitome-staging.pff.com/en/film_room/65646378-d4ca-411f-a855-049e5718c9b2'}",7
"{'id': '817', 'name': 'Urawa Red Diamonds', 'shortName': 'URD'}","{'name': 'Home', 'primaryColor': '#d90115', 'primaryTextColor': '#000000', 'secondaryColor': '#000000', 'secondaryTextColor': '#d90115'}","{'id': '103', 'name': 'Japanese J1 League'}",2024-04-12T10:00:00,3034.801,6084.184,"{'id': '818', 'name': 'Kashiwa Reysol', 'shortName': 'KRY'}","{'name': 'Home', 'primaryColor': '#fff200', 'primaryTextColor': '#000000', 'secondaryColor': '#000000', 'secondaryTextColor': '#fff200'}",False,23091,47.06985,49.5907,2024,"{'id': '756', 'name': 'Sankyo Frontier Kashiwa Stadium', 'pitches': [{'endDate': None, 'id': '385', 'length': 105.0, 'startDate': '1995-01-01', 'width': 68.0}]}",210.61,3108.742,"{'fps': 29.97, 'id': '19761', 'videoUrl': 'epitome-staging.pff.com/en/film_room/070d6685-b457-4af2-a994-fdc1031c445a'}",8
"{'id': '815', 'name': 'Hokkaido Consadole Sapporo', 'shortName': 'HCS'}","{'name': 'Away', 'primaryColor': '#000000', 'primaryTextColor': '#ffffff', 'secondaryColor': '#ffffff', 'secondaryTextColor': '#000000'}","{'id': '103', 'name': 'Japanese J1 League'}",2024-04-13T05:00:00,2930.717,6017.982,"{'id': '825', 'name': 'Albirex Niigata', 'shortName': 'ANI'}","{'name': 'Home', 'primaryColor': '#ff5500', 'primaryTextColor': '#0125d3', 'secondaryColor': '#0125d3', 'secondaryTextColor': '#ff5500'}",True,23092,48.09705,50.57936666666667,2024,"{'id': '762', 'name': 'Denka Big Swan Stadium', 'pitches': [{'endDate': None, 'id': '404', 'length': 107.0, 'startDate': '2001-01-01', 'width': 72.0}]}",44.894,2983.22,"{'fps': 24.97, 'id': '23661', 'videoUrl': 'epitome-staging.pff.com/en/film_room/de84d13a-517f-4be1-b149-44c09184d67f'}",8
"{'id': '832', 'name': 'Sanfrecce Hiroshima', 'shortName': 'SHI'}","{'name': 'Away', 'primaryColor': '#ffffff', 'primaryTextColor': '#2f186f', 'secondaryColor': '#2f186f', 'secondaryTextColor': '#ffffff'}","{'id': '103', 'name': 'Japanese J1 League'}",2024-04-13T05:00:00,2865.639,5964.557,"{'id': '833', 'name': 'Avispa Fukuoka', 'shortName': 'AVF'}","{'name': 'Home', 'primaryColor': '#00001e', 'primaryTextColor': '#ffffff', 'secondaryColor': '#ffffff', 'secondaryTextColor': '#00001e'}",True,23093,47.12321666666666,50.6381,2024,"{'id': '770', 'name': 'Best Denki Stadium', 'pitches': [{'endDate': None, 'id': '228', 'length': 105.0, 'startDate': '1995-01-01', 'width': 68.0}]}",38.246,2926.271,"{'fps': 24.97, 'id': '23662', 'videoUrl': 'epitome-staging.pff.com/en/film_room/497e7b36-4676-4961-a573-858353913b23'}",8
"{'id': '827', 'name': 'Nagoya Grampus', 'shortName': 'NGR'}","{'name': 'Home', 'primaryColor': '#cf0c17', 'primaryTextColor': '#ffffff', 'secondaryColor': '#ffffff', 'secondaryTextColor': '#cf0c17'}","{'id': '103', 'name': 'Japanese J1 League'}",2024-04-13T05:00:00,2934.001,6154.385,"{'id': '826', 'name': 'Júbilo Iwata', 'shortName': 'JIW'}","{'name': 'Home', 'primaryColor': '#3e9ed8', 'primaryTextColor': '#ffffff', 'secondaryColor': '#ffffff', 'secondaryTextColor': '#3e9ed8'}",False,23094,48.09171666666667,52.65585,2024,"{'id': '763', 'name': 'Yamaha Stadium', 'pitches': [{'endDate': None, 'id': '349', 'length': 111.0, 'startDate': '1978-01-01', 'width': 75.0}]}",48.498,2995.034,"{'fps': 24.97, 'id': '23663', 'videoUrl': 'epitome-staging.pff.com/en/film_room/74327d40-63c3-4062-bc4f-ab456bfe1f7a'}",8
"{'id': '824', 'name': 'Shonan Bellmare', 'shortName': 'SHB'}","{'name': 'Home', 'primaryColor': '#77f149', 'primaryTextColor': '#053dfa', 'secondaryColor': '#053dfa', 'secondaryTextColor': '#77f149'}","{'id': '103', 'name': 'Japanese J1 League'}",2024-04-13T05:00:00,2914.337,6158.11,"{'id': '823', 'name': 'Yokohama F. Marinos', 'shortName': 'YFM'}","{'name': 'Home', 'primaryColor': '#0000ff', 'primaryTextColor': '#ff0000', 'secondaryColor': '#ff0000', 'secondaryTextColor': '#0000ff'}",True,23095,47.91483333333333,53.09371666666666,2024,"{'id': '760', 'name': 'Nissan Stadium (Yokohama)', 'pitches': [{'endDate': None, 'id': '221', 'length': 107.0, 'startDate': '1998-01-01', 'width': 72.0}]}",39.447,2972.487,"{'fps': 24.97, 'id': '23664', 'videoUrl': 'epitome-staging.pff.com/en/film_room/f2c62e55-5681-4b03-ab3f-20a0cf6622b0'}",8
"{'id': '822', 'name': 'Kawasaki Frontale', 'shortName': 'KFR'}","{'name': 'Home', 'primaryColor': '#2299e5', 'primaryTextColor': '#000000', 'secondaryColor': '#000000', 'secondaryTextColor': '#2299e5'}","{'id': '103', 'name': 'Japanese J1 League'}",2024-04-13T06:00:00,2923.909,6065.839,"{'id': '830', 'name': 'Cerezo Osaka', 'shortName': 'CEO'}","{'name': 'Home', 'primaryColor': '#dc1670', 'primaryTextColor': '#000040', 'secondaryColor': '#000040', 'secondaryTextColor': '#dc1670'}",True,23096,48.04365,51.50915,2024,"{'id': '767', 'name': 'Yodoko Sakura Stadium', 'pitches': [{'endDate': None, 'id': '405', 'length': 105.0, 'startDate': '1987-01-01', 'width': 68.0}]}",41.29,2975.29,"{'fps': 24.97, 'id': '23665', 'videoUrl': 'epitome-staging.pff.com/en/film_room/b97e28f0-a53d-4d04-bc82-b0f56018cba0'}",8
"{'id': '828', 'name': 'Kyoto Sanga FC', 'shortName': 'KYS'}","{'name': 'Away', 'primaryColor': '#c4c4c4', 'primaryTextColor': '#ffffff', 'secondaryColor': '#ffffff', 'secondaryTextColor': '#c4c4c4'}","{'id': '103', 'name': 'Japanese J1 League'}",2024-04-13T06:00:00,2843.893,5853.424,"{'id': '816', 'name': 'Kashima Antlers', 'shortName': 'KAN'}","{'name': 'Home', 'primaryColor': '#be0024', 'primaryTextColor': '#000000', 'secondaryColor': '#000000', 'secondaryTextColor': '#be0024'}",False,23097,46.18743333333334,49.20036666666667,2024,"{'id': '754', 'name': 'Kashima Soccer Stadium', 'pitches': [{'endDate': None, 'id': '365', 'length': 115.0, 'startDate': '1993-01-01', 'width': 78.0}]}",72.647,2901.402,"{'fps': 24.97, 'id': '23666', 'videoUrl': 'epitome-staging.pff.com/en/film_room/825d68d9-d56e-4d5f-ad1a-e4250ba0571e'}",8
"{'id': '831', 'name': 'Vissel Kobe', 'shortName': 'VKO'}","{'name': 'Away', 'primaryColor': '#b5b5b5', 'primaryTextColor': '#000000', 'secondaryColor': '#000000', 'secondaryTextColor': '#b5b5b5'}","{'id': '103', 'name': 'Japanese J1 League'}",2024-04-13T06:00:00,3009.331,6371.205,"{'id': '821', 'name': 'FC Machida Zelvia', 'shortName': 'MZE'}","{'name': 'Home', 'primaryColor': '#0046b6', 'primaryTextColor': '#01142c', 'secondaryColor': '#01142c', 'secondaryTextColor': '#0046b6'}",True,23098,49.36390000000001,54.63021666666667,2024,"{'id': '28', 'name': 'Japan National Stadium', 'pitches': [{'endDate': None, 'id': '27', 'length': 101.0, 'startDate': '2019-01-01', 'width': 71.0}]}",47.497,3093.392,"{'fps': 24.97, 'id': '23667', 'videoUrl': 'epitome-staging.pff.com/en/film_room/7283d8db-6ea0-4787-8076-497ad084f565'}",8
"{'id': '819', 'name': 'FC Tokyo', 'shortName': 'FCT'}","{'name': 'Away', 'primaryColor': '#ffffff', 'primaryTextColor': '#0000b8', 'secondaryColor': '#0000b8', 'secondaryTextColor': '#ffffff'}","{'id': '103', 'name': 'Japanese J1 League'}",2024-04-13T07:00:00,3136.203,6279.98,"{'id': '820', 'name': 'Tokyo Verdy', 'shortName': 'TKV'}","{'name': 'Home', 'primaryColor': '#01532c', 'primaryTextColor': '#a89968', 'secondaryColor': '#a89968', 'secondaryTextColor': '#01532c'}",True,23099,49.18085,51.08664999999999,2024,"{'id': '757', 'name': 'Ajinomoto Stadium', 'pitches': [{'endDate': None, 'id': '403', 'length': 105.0, 'startDate': '2001-01-01', 'width': 68.0}]}",185.352,3214.781,"{'fps': 29.97, 'id': '19775', 'videoUrl': 'epitome-staging.pff.com/en/film_room/5cc6ede1-2c81-4201-8e0d-e4bb9a2c30da'}",8
"{'id': '834', 'name': 'Sagan Tosu', 'shortName': 'SGT'}","{'name': 'Alt', 'primaryColor': '#ffffff', 'primaryTextColor': '#000000', 'secondaryColor': '#000000', 'secondaryTextColor': '#ffffff'}","{'id': '103', 'name': 'Japanese J1 League'}",2024-04-14T06:00:00,3018.062,6444.413,"{'id': '829', 'name': 'Gamba Osaka', 'shortName': 'GMO'}","{'name': 'Home', 'primaryColor': '#000000', 'primaryTextColor': '#ffffff', 'secondaryColor': '#ffffff', 'secondaryTextColor': '#000000'}",True,23100,49.53078333333333,56.32558333333332,2024,"{'id': '766', 'name': 'Panasonic Stadium Suita', 'pitches': [{'endDate': None, 'id': '387', 'length': 105.0, 'startDate': '2015-01-01', 'width': 68.0}]}",46.215,3064.878,"{'fps': 24.97, 'id': '23668', 'videoUrl': 'epitome-staging.pff.com/en/film_room/8d67312d-d0b5-458c-bfbe-bed90aa78fdb'}",8
"{'id': '820', 'name': 'Tokyo Verdy', 'shortName': 'TKV'}","{'name': 'Away', 'primaryColor': '#cddfd1', 'primaryTextColor': '#1d1111', 'secondaryColor': '#1d1111', 'secondaryTextColor': '#cddfd1'}","{'id': '103', 'name': 'Japanese J1 League'}",2024-04-03T10:00:00,2931.998,6067.801,"{'id': '824', 'name': 'Shonan Bellmare', 'shortName': 'SHB'}","{'name': 'Home', 'primaryColor': '#77f149', 'primaryTextColor': '#053dfa', 'secondaryColor': '#053dfa', 'secondaryTextColor': '#77f149'}",True,23077,48.25656666666667,52.15191666666667,2024,"{'id': '761', 'name': 'Lemon Gas Stadium Hiratsuka', 'pitches': [{'endDate': None, 'id': '386', 'length': 107.0, 'startDate': '1994-01-01', 'width': 71.0}]}",36.604,2938.686,"{'fps': 24.97, 'id': '23655', 'videoUrl': 'epitome-staging.pff.com/en/film_room/6ecb5469-40bc-4f8b-ad4f-00c15de572a4'}",6
"{'id': '832', 'name': 'Sanfrecce Hiroshima', 'shortName': 'SHI'}","{'name': 'Away', 'primaryColor': '#ffffff', 'primaryTextColor': '#2f186f', 'secondaryColor': '#2f186f', 'secondaryTextColor': '#ffffff'}","{'id': '103', 'name': 'Japanese J1 League'}",2024-04-20T05:00:00,2982.98,6130.637,"{'id': '815', 'name': 'Hokkaido Consadole Sapporo', 'shortName': 'HCS'}","{'name': 'Home', 'primaryColor': '#ff0000', 'primaryTextColor': '#000000', 'secondaryColor': '#000000', 'secondaryTextColor': '#ff0000'}",True,23101,49.068216666666665,49.559483333333326,2024,"{'id': '753', 'name': 'Sapporo Dome', 'pitches': [{'endDate': None, 'id': '659', 'length': 105.0, 'startDate': '2001-01-01', 'width': 68.0}]}",38.887,3157.068,"{'fps': 24.97, 'id': '23669', 'videoUrl': 'epitome-staging.pff.com/en/film_room/ca97fe9a-e7ca-4fc3-b4f7-cf5dafb8e995'}",9
"{'id': '825', 'name': 'Albirex Niigata', 'shortName': 'ANI'}","{'name': 'Away', 'primaryColor': '#ffffff', 'primaryTextColor': '#0125d3', 'secondaryColor': '#0125d3', 'secondaryTextColor': '#ffffff'}","{'id': '103', 'name': 'Japanese J1 League'}",2024-04-20T05:00:00,2937.405,6132.479,"{'id': '828', 'name': 'Kyoto Sanga FC', 'shortName': 'KYS'}","{'name': 'Home', 'primaryColor': '#503479', 'primaryTextColor': '#ffffff', 'secondaryColor': '#ffffff', 'secondaryTextColor': '#503479'}",True,23102,48.06501666666667,51.154050000000005,2024,"{'id': '765', 'name': 'Sanga Stadium by Kyocera', 'pitches': [{'endDate': None, 'id': '231', 'length': 105.0, 'startDate': '2020-01-01', 'width': 68.0}]}",53.504,3063.236,"{'fps': 24.97, 'id': '23670', 'videoUrl': 'epitome-staging.pff.com/en/film_room/b8faf907-fe57-4197-bd07-e8f85200ac18'}",9
"{'id': '816', 'name': 'Kashima Antlers', 'shortName': 'KAN'}","{'name': 'Away', 'primaryColor': '#ffffff', 'primaryTextColor': '#002f9b', 'secondaryColor': '#002f9b', 'secondaryTextColor': '#ffffff'}","{'id': '103', 'name': 'Japanese J1 League'}",2024-04-20T05:00:00,3028.554,6293.753,"{'id': '834', 'name': 'Sagan Tosu', 'shortName': 'SGT'}","{'name': 'Home', 'primaryColor': '#00a1d3', 'primaryTextColor': '#ea529b', 'secondaryColor': '#ea529b', 'secondaryTextColor': '#00a1d3'}",True,23103,49.650916666666674,53.597,2024,"{'id': '771', 'name': 'Ekimae Stadium', 'pitches': [{'endDate': None, 'id': '395', 'length': 105.0, 'startDate': '1996-01-01', 'width': 68.0}]}",49.499,3077.933,"{'fps': 24.97, 'id': '23671', 'videoUrl': 'epitome-staging.pff.com/en/film_room/8a00bd6b-6f08-423f-8bcf-a9339557b18f'}",9
"{'id': '818', 'name': 'Kashiwa Reysol', 'shortName': 'KRY'}","{'name': 'Away', 'primaryColor': '#ffffff', 'primaryTextColor': '#00003e', 'secondaryColor': '#00003e', 'secondaryTextColor': '#ffffff'}","{'id': '103', 'name': 'Japanese J1 League'}",2024-05-29T10:00:00,2946.896,6056.147,"{'id': '823', 'name': 'Yokohama F. Marinos', 'shortName': 'YFM'}","{'name': 'Home', 'primaryColor': '#0000ff', 'primaryTextColor': '#ff0000', 'secondaryColor': '#ff0000', 'secondaryTextColor': '#0000ff'}",True,23104,49.102250000000005,51.730066666666666,2024,"{'id': '760', 'name': 'Nissan Stadium (Yokohama)', 'pitches': [{'endDate': None, 'id': '221', 'length': 107.0, 'startDate': '1998-01-01', 'width': 72.0}]}",0.761,2952.343,"{'fps': 24.97, 'id': '22074', 'videoUrl': 'epitome-staging.pff.com/en/film_room/6ab80394-f235-430e-bdb1-562a24bcdf25'}",9
"{'id': '826', 'name': 'Júbilo Iwata', 'shortName': 'JIW'}","{'name': 'Away', 'primaryColor': '#e6e6e6', 'primaryTextColor': '#000000', 'secondaryColor': '#000000', 'secondaryTextColor': '#e6e6e6'}","{'id': '103', 'name': 'Japanese J1 League'}",2024-04-20T06:00:00,2874.93,5984.301,"{'id': '833', 'name': 'Avispa Fukuoka', 'shortName': 'AVF'}","{'name': 'Home', 'primaryColor': '#00001e', 'primaryTextColor': '#ffffff', 'secondaryColor': '#ffffff', 'secondaryTextColor': '#00001e'}",True,23105,47.03778333333333,50.04871666666667,2024,"{'id': '770', 'name': 'Best Denki Stadium', 'pitches': [{'endDate': None, 'id': '228', 'length': 105.0, 'startDate': '1995-01-01', 'width': 68.0}]}",52.663,2981.378,"{'fps': 24.97, 'id': '23672', 'videoUrl': 'epitome-staging.pff.com/en/film_room/ff16dd7b-5887-4caf-9e1e-1ac7dedecbd9'}",9
"{'id': '831', 'name': 'Vissel Kobe', 'shortName': 'VKO'}","{'name': 'Away', 'primaryColor': '#b5b5b5', 'primaryTextColor': '#000000', 'secondaryColor': '#000000', 'secondaryTextColor': '#b5b5b5'}","{'id': '103', 'name': 'Japanese J1 League'}",2024-04-20T06:00:00,2979.295,6050.14,"{'id': '824', 'name': 'Shonan Bellmare', 'shortName': 'SHB'}","{'name': 'Home', 'primaryColor': '#77f149', 'primaryTextColor': '#053dfa', 'secondaryColor': '#053dfa', 'secondaryTextColor': '#77f149'}",True,23106,47.43958333333333,49.68095000000001,2024,"{'id': '761', 'name': 'Lemon Gas Stadium Hiratsuka', 'pitches': [{'endDate': None, 'id': '386', 'length': 107.0, 'startDate': '1994-01-01', 'width': 71.0}]}",132.92,3069.283,"{'fps': 24.97, 'id': '23680', 'videoUrl': 'epitome-staging.pff.com/en/film_room/7a91be66-7ab4-4064-90c0-5867446bc63e'}",9
"{'id': '820', 'name': 'Tokyo Verdy', 'shortName': 'TKV'}","{'name': 'Away', 'primaryColor': '#cddfd1', 'primaryTextColor': '#1d1111', 'secondaryColor': '#1d1111', 'secondaryTextColor': '#cddfd1'}","{'id': '103', 'name': 'Japanese J1 League'}",2024-04-20T07:00:00,3102.563,6019.103,"{'id': '822', 'name': 'Kawasaki Frontale', 'shortName': 'KFR'}","{'name': 'Home', 'primaryColor': '#2299e5', 'primaryTextColor': '#000000', 'secondaryColor': '#000000', 'secondaryTextColor': '#2299e5'}",True,23107,49.20571666666668,48.20785,2024,"{'id': '759', 'name': 'Todoroki Stadium', 'pitches': [{'endDate': None, 'id': '366', 'length': 105.0, 'startDate': '1962-01-01', 'width': 68.0}]}",150.22,3126.632,"{'fps': 24.97, 'id': '23685', 'videoUrl': 'epitome-staging.pff.com/en/film_room/cfcec79b-52d3-4d3a-8659-8750b9f5cf64'}",9
"{'id': '829', 'name': 'Gamba Osaka', 'shortName': 'GMO'}","{'name': 'Away', 'primaryColor': '#ffffff', 'primaryTextColor': '#000000', 'secondaryColor': '#000000', 'secondaryTextColor': '#ffffff'}","{'id': '103', 'name': 'Japanese J1 League'}",2024-04-20T07:00:00,3083.55,6126.96,"{'id': '817', 'name': 'Urawa Red Diamonds', 'shortName': 'URD'}","{'name': 'Home', 'primaryColor': '#d90115', 'primaryTextColor': '#000000', 'secondaryColor': '#000000', 'secondaryTextColor': '#d90115'}",True,23108,49.11076666666667,50.38816666666666,2024,"{'id': '755', 'name': 'Saitama Stadium 2002', 'pitches': [{'endDate': None, 'id': '220', 'length': 105.0, 'startDate': '2001-01-01', 'width': 68.0}]}",136.904,3103.67,"{'fps': 29.97, 'id': '20062', 'videoUrl': 'epitome-staging.pff.com/en/film_room/10d53478-11b2-44a8-a04e-fafd9d63f009'}",9
"{'id': '821', 'name': 'FC Machida Zelvia', 'shortName': 'MZE'}","{'name': 'Away', 'primaryColor': '#ffffff', 'primaryTextColor': '#0046b6', 'secondaryColor': '#0046b6', 'secondaryTextColor': '#ffffff'}","{'id': '103', 'name': 'Japanese J1 League'}",2024-04-21T06:00:00,3000.767,6029.096,"{'id': '819', 'name': 'FC Tokyo', 'shortName': 'FCT'}","{'name': 'Home', 'primaryColor': '#0000b7', 'primaryTextColor': '#ff0000', 'secondaryColor': '#ff0000', 'secondaryTextColor': '#0000b7'}",True,23109,48.08863333333333,50.06563333333333,2024,"{'id': '757', 'name': 'Ajinomoto Stadium', 'pitches': [{'endDate': None, 'id': '403', 'length': 105.0, 'startDate': '2001-01-01', 'width': 68.0}]}",115.449,3025.158,"{'fps': 29.97, 'id': '20145', 'videoUrl': 'epitome-staging.pff.com/en/film_room/9bb9072d-28af-42c0-9495-a0270a760f36'}",9
"{'id': '830', 'name': 'Cerezo Osaka', 'shortName': 'CEO'}","{'name': 'Away', 'primaryColor': '#ffffff', 'primaryTextColor': '#dc1670', 'secondaryColor': '#dc1670', 'secondaryTextColor': '#ffffff'}","{'id': '103', 'name': 'Japanese J1 League'}",2024-04-21T06:00:00,3047.457,6288.586,"{'id': '827', 'name': 'Nagoya Grampus', 'shortName': 'NGR'}","{'name': 'Home', 'primaryColor': '#cf0c17', 'primaryTextColor': '#ffffff', 'secondaryColor': '#ffffff', 'secondaryTextColor': '#cf0c17'}",True,23110,48.1391,51.62126666666667,2024,"{'id': '764', 'name': 'Toyota Stadium (Nagoya)', 'pitches': [{'endDate': None, 'id': '376', 'length': 105.0, 'startDate': '2001-01-01', 'width': 68.0}]}",159.111,3191.31,"{'fps': 24.97, 'id': '23688', 'videoUrl': 'epitome-staging.pff.com/en/film_room/874d95e4-0db6-49b5-82e2-7e5b5038bc14'}",9
"{'id': '824', 'name': 'Shonan Bellmare', 'shortName': 'SHB'}","{'name': 'Home', 'primaryColor': '#77f149', 'primaryTextColor': '#053dfa', 'secondaryColor': '#053dfa', 'secondaryTextColor': '#77f149'}","{'id': '103', 'name': 'Japanese J1 League'}",2024-04-27T04:00:00,3172.687,6337.605,"{'id': '815', 'name': 'Hokkaido Consadole Sapporo', 'shortName': 'HCS'}","{'name': 'Home', 'primaryColor': '#ff0000', 'primaryTextColor': '#000000', 'secondaryColor': '#000000', 'secondaryTextColor': '#ff0000'}",True,23111,50.54731666666667,51.40168333333333,2024,"{'id': '753', 'name': 'Sapporo Dome', 'pitches': [{'endDate': None, 'id': '659', 'length': 105.0, 'startDate': '2001-01-01', 'width': 68.0}]}",139.848,3253.504,"{'fps': 24.97, 'id': '23692', 'videoUrl': 'epitome-staging.pff.com/en/film_room/97a00436-7b74-44a5-b43e-db4d3d5691e9'}",10
"{'id': '819', 'name': 'FC Tokyo', 'shortName': 'FCT'}","{'name': 'Away', 'primaryColor': '#ffffff', 'primaryTextColor': '#0000b8', 'secondaryColor': '#0000b8', 'secondaryTextColor': '#ffffff'}","{'id': '103', 'name': 'Japanese J1 League'}",2024-04-27T05:00:00,3126.071,6160.713,"{'id': '825', 'name': 'Albirex Niigata', 'shortName': 'ANI'}","{'name': 'Home', 'primaryColor': '#ff5500', 'primaryTextColor': '#0125d3', 'secondaryColor': '#0125d3', 'secondaryTextColor': '#ff5500'}",True,23112,49.58883333333333,50.29035,2024,"{'id': '762', 'name': 'Denka Big Swan Stadium', 'pitches': [{'endDate': None, 'id': '404', 'length': 107.0, 'startDate': '2001-01-01', 'width': 72.0}]}",150.741,3143.292,"{'fps': 24.97, 'id': '23696', 'videoUrl': 'epitome-staging.pff.com/en/film_room/899aa3ba-fb01-4b1e-803e-3ea34b37ebfc'}",10
"{'id': '821', 'name': 'FC Machida Zelvia', 'shortName': 'MZE'}","{'name': 'Away', 'primaryColor': '#ffffff', 'primaryTextColor': '#0046b6', 'secondaryColor': '#0046b6', 'secondaryTextColor': '#ffffff'}","{'id': '103', 'name': 'Japanese J1 League'}",2024-04-27T05:00:00,3094.073,6413.977,"{'id': '826', 'name': 'Júbilo Iwata', 'shortName': 'JIW'}","{'name': 'Home', 'primaryColor': '#3e9ed8', 'primaryTextColor': '#ffffff', 'secondaryColor': '#ffffff', 'secondaryTextColor': '#3e9ed8'}",False,23113,48.20785,55.0741,2024,"{'id': '763', 'name': 'Yamaha Stadium', 'pitches': [{'endDate': None, 'id': '349', 'length': 111.0, 'startDate': '1978-01-01', 'width': 75.0}]}",201.602,3109.531,"{'fps': 24.97, 'id': '23702', 'videoUrl': 'epitome-staging.pff.com/en/film_room/a4d866d7-753b-4033-94d9-cdc9eafd86ce'}",10
"{'id': '828', 'name': 'Kyoto Sanga FC', 'shortName': 'KYS'}","{'name': 'Away', 'primaryColor': '#c4c4c4', 'primaryTextColor': '#ffffff', 'secondaryColor': '#ffffff', 'secondaryTextColor': '#c4c4c4'}","{'id': '103', 'name': 'Japanese J1 League'}",2024-04-27T05:00:00,3751.582,6729.035,"{'id': '831', 'name': 'Vissel Kobe', 'shortName': 'VKO'}","{'name': 'Home', 'primaryColor': '#4c0319', 'primaryTextColor': '#ffffff', 'secondaryColor': '#ffffff', 'secondaryTextColor': '#4c0319'}",False,23114,59.61553333333333,49.356566666666666,2024,"{'id': '768', 'name': 'Noevir Stadium', 'pitches': [{'endDate': None, 'id': '350', 'length': 105.0, 'startDate': '2001-01-01', 'width': 68.0}]}",174.65,3767.641,"{'fps': 24.97, 'id': '23711', 'videoUrl': 'epitome-staging.pff.com/en/film_room/399a049b-c51a-4856-960a-8a050c2af80a'}",10
"{'id': '823', 'name': 'Yokohama F. Marinos', 'shortName': 'YFM'}","{'name': 'Home', 'primaryColor': '#0000ff', 'primaryTextColor': '#ff0000', 'secondaryColor': '#ff0000', 'secondaryTextColor': '#0000ff'}","{'id': '103', 'name': 'Japanese J1 League'}",2024-04-27T06:00:00,3402.769,6513.213,"{'id': '830', 'name': 'Cerezo Osaka', 'shortName': 'CEO'}","{'name': 'Away', 'primaryColor': '#ffffff', 'primaryTextColor': '#dc1670', 'secondaryColor': '#dc1670', 'secondaryTextColor': '#ffffff'}",True,23115,53.678666666666665,50.33421666666666,2024,"{'id': '767', 'name': 'Yodoko Sakura Stadium', 'pitches': [{'endDate': None, 'id': '405', 'length': 105.0, 'startDate': '1987-01-01', 'width': 68.0}]}",182.049,3493.16,"{'fps': 29.97, 'id': '20410', 'videoUrl': 'epitome-staging.pff.com/en/film_room/4c24dab9-70fa-4627-bdb3-0bc326d58a85'}",10
"{'id': '822', 'name': 'Kawasaki Frontale', 'shortName': 'KFR'}","{'name': 'Away', 'primaryColor': '#eee3ab', 'primaryTextColor': '#000000', 'secondaryColor': '#000000', 'secondaryTextColor': '#eee3ab'}","{'id': '103', 'name': 'Japanese J1 League'}",2024-04-28T05:00:00,3102.843,6309.251,"{'id': '832', 'name': 'Sanfrecce Hiroshima', 'shortName': 'SHI'}","{'name': 'Home', 'primaryColor': '#603bac', 'primaryTextColor': '#ffffff', 'secondaryColor': '#2f186f', 'secondaryTextColor': '#ffffff'}",False,23116,48.7011,52.24603333333334,2024,"{'id': '769', 'name': 'Edion Peace Wing Hiroshima', 'pitches': [{'endDate': None, 'id': '367', 'length': 105.0, 'startDate': '2024-01-01', 'width': 68.0}]}",180.777,3174.489,"{'fps': 24.97, 'id': '23713', 'videoUrl': 'epitome-staging.pff.com/en/film_room/94be4b63-e3ab-4aeb-9639-681f45061c52'}",10
"{'id': '833', 'name': 'Avispa Fukuoka', 'shortName': 'AVF'}","{'name': 'Away', 'primaryColor': '#c3c3c3', 'primaryTextColor': '#000000', 'secondaryColor': '#000000', 'secondaryTextColor': '#c3c3c3'}","{'id': '103', 'name': 'Japanese J1 League'}",2024-04-28T05:00:00,3171.446,6290.348,"{'id': '820', 'name': 'Tokyo Verdy', 'shortName': 'TKV'}","{'name': 'Home', 'primaryColor': '#01532c', 'primaryTextColor': '#a89968', 'secondaryColor': '#a89968', 'secondaryTextColor': '#01532c'}",True,23117,50.1088,50.63008333333333,2024,"{'id': '757', 'name': 'Ajinomoto Stadium', 'pitches': [{'endDate': None, 'id': '403', 'length': 105.0, 'startDate': '2001-01-01', 'width': 68.0}]}",164.918,3252.543,"{'fps': 24.97, 'id': '23718', 'videoUrl': 'epitome-staging.pff.com/en/film_room/392454ed-ed24-45e3-8924-44e8d0a24845'}",10
"{'id': '816', 'name': 'Kashima Antlers', 'shortName': 'KAN'}","{'name': 'Away', 'primaryColor': '#ffffff', 'primaryTextColor': '#002f9b', 'secondaryColor': '#002f9b', 'secondaryTextColor': '#ffffff'}","{'id': '103', 'name': 'Japanese J1 League'}",2024-04-28T06:00:00,3149.383,6417.751,"{'id': '829', 'name': 'Gamba Osaka', 'shortName': 'GMO'}","{'name': 'Home', 'primaryColor': '#000000', 'primaryTextColor': '#ffffff', 'secondaryColor': '#ffffff', 'secondaryTextColor': '#000000'}",True,23118,49.427216666666666,53.1159,2024,"{'id': '766', 'name': 'Panasonic Stadium Suita', 'pitches': [{'endDate': None, 'id': '387', 'length': 105.0, 'startDate': '2015-01-01', 'width': 68.0}]}",183.75,3230.797,"{'fps': 29.97, 'id': '20498', 'videoUrl': 'epitome-staging.pff.com/en/film_room/872df2cc-a853-4206-8f3a-1add93e49a8f'}",10
"{'id': '834', 'name': 'Sagan Tosu', 'shortName': 'SGT'}","{'name': 'Home', 'primaryColor': '#00a1d3', 'primaryTextColor': '#ea529b', 'secondaryColor': '#ea529b', 'secondaryTextColor': '#00a1d3'}","{'id': '103', 'name': 'Japanese J1 League'}",2024-04-28T06:00:00,3184.141,6250.3,"{'id': '818', 'name': 'Kashiwa Reysol', 'shortName': 'KRY'}","{'name': 'Home', 'primaryColor': '#fff200', 'primaryTextColor': '#000000', 'secondaryColor': '#000000', 'secondaryTextColor': '#fff200'}",False,23119,49.9406,50.13415,2024,"{'id': '756', 'name': 'Sankyo Frontier Kashiwa Stadium', 'pitches': [{'endDate': None, 'id': '385', 'length': 105.0, 'startDate': '1995-01-01', 'width': 68.0}]}",187.705,3242.251,"{'fps': 24.97, 'id': '23720', 'videoUrl': 'epitome-staging.pff.com/en/film_room/ea977ad0-f777-4594-ab26-2a8327981de7'}",10
"{'id': '827', 'name': 'Nagoya Grampus', 'shortName': 'NGR'}","{'name': 'Away', 'primaryColor': '#dddddd', 'primaryTextColor': '#cf0c17', 'secondaryColor': '#cf0c17', 'secondaryTextColor': '#dddddd'}","{'id': '103', 'name': 'Japanese J1 League'}",2024-04-28T06:00:00,2972.527,6010.933,"{'id': '817', 'name': 'Urawa Red Diamonds', 'shortName': 'URD'}","{'name': 'Home', 'primaryColor': '#d90115', 'primaryTextColor': '#000000', 'secondaryColor': '#000000', 'secondaryTextColor': '#d90115'}",True,23120,47.23801666666667,50.42851666666666,2024,"{'id': '755', 'name': 'Saitama Stadium 2002', 'pitches': [{'endDate': None, 'id': '220', 'length': 105.0, 'startDate': '2001-01-01', 'width': 68.0}]}",138.246,2985.222,"{'fps': 24.97, 'id': '23721', 'videoUrl': 'epitome-staging.pff.com/en/film_room/82f58829-63e7-4b7e-88c7-80dfb23c9667'}",10
